# Planck 2018 lensed scalar CMB, D_ell = l(l+1)C_l/2pi in muK^2.
# Lensing BB only -- scalars, r = 0, no primordial B modes.
# Planck 2018 VI Table 2, TT,TE,EE+lowE+lensing (marginalised means):
#   H0=67.36 ombh2=0.02237 omch2=0.12 tau=0.0544
#   As=2.1e-09 ns=0.9649 mnu=0.06 omk=0
# CAMB 1.6.5, lens_potential_accuracy=4.
# columns: ell  D_TT  D_EE  D_BB  D_TE
       1     0.00000E+00     0.00000E+00     0.00000E+00     0.00000E+00
       2     1.02255E+03     3.11143E-02     1.83432E-06     2.63815E+00
       3     9.68409E+02     4.00117E-02     3.66911E-06     2.95959E+00
       4     9.16414E+02     3.48018E-02     6.11623E-06     2.77724E+00
       5     8.77653E+02     2.33202E-02     9.17629E-06     2.36663E+00
       6     8.51233E+02     1.30880E-02     1.28501E-05     1.90751E+00
       7     8.34481E+02     7.07250E-03     1.71385E-05     1.49950E+00
       8     8.24456E+02     4.54170E-03     2.20425E-05     1.18628E+00
       9     8.19791E+02     3.63321E-03     2.75634E-05     9.73317E-01
      10     8.19036E+02     3.10139E-03     3.37023E-05     8.52632E-01
      11     8.20802E+02     2.61875E-03     4.04608E-05     8.06851E-01
      12     8.25820E+02     2.29656E-03     4.78401E-05     8.16975E-01
      13     8.32182E+02     2.21096E-03     5.58420E-05     8.59292E-01
      14     8.39719E+02     2.30214E-03     6.44681E-05     9.12565E-01
      15     8.47381E+02     2.48753E-03     7.37200E-05     9.69139E-01
      16     8.56950E+02     2.74577E-03     8.35995E-05     1.03049E+00
      17     8.68274E+02     3.11968E-03     9.41084E-05     1.09404E+00
      18     8.80207E+02     3.65350E-03     1.05248E-04     1.15853E+00
      19     8.93505E+02     4.35127E-03     1.17021E-04     1.22716E+00
      20     9.06555E+02     5.19070E-03     1.29429E-04     1.29495E+00
      21     9.20055E+02     6.16499E-03     1.42474E-04     1.36650E+00
      22     9.34032E+02     7.28466E-03     1.56156E-04     1.44219E+00
      23     9.48101E+02     8.54199E-03     1.70479E-04     1.51931E+00
      24     9.62581E+02     9.93419E-03     1.85443E-04     1.59445E+00
      25     9.77607E+02     1.14658E-02     2.01050E-04     1.65981E+00
      26     9.92687E+02     1.31491E-02     2.17303E-04     1.71904E+00
      27     1.00823E+03     1.49948E-02     2.34201E-04     1.77293E+00
      28     1.02407E+03     1.69968E-02     2.51747E-04     1.81669E+00
      29     1.04011E+03     1.91814E-02     2.69941E-04     1.85536E+00
      30     1.05657E+03     2.15776E-02     2.88786E-04     1.88229E+00
      31     1.07282E+03     2.41816E-02     3.08281E-04     1.90829E+00
      32     1.08968E+03     2.70093E-02     3.28427E-04     1.92830E+00
      33     1.10662E+03     3.00204E-02     3.49226E-04     1.94082E+00
      34     1.12362E+03     3.32402E-02     3.70678E-04     1.94688E+00
      35     1.14126E+03     3.66758E-02     3.92783E-04     1.93735E+00
      36     1.15863E+03     4.03560E-02     4.15542E-04     1.92247E+00
      37     1.17626E+03     4.43060E-02     4.38955E-04     1.89642E+00
      38     1.19426E+03     4.85135E-02     4.63022E-04     1.86120E+00
      39     1.21253E+03     5.29681E-02     4.87743E-04     1.81655E+00
      40     1.23099E+03     5.76624E-02     5.13118E-04     1.76069E+00
      41     1.24955E+03     6.25932E-02     5.39146E-04     1.69238E+00
      42     1.26821E+03     6.77736E-02     5.65827E-04     1.61263E+00
      43     1.28700E+03     7.32204E-02     5.93161E-04     1.52260E+00
      44     1.30595E+03     7.89483E-02     6.21147E-04     1.42186E+00
      45     1.32513E+03     8.49692E-02     6.49784E-04     1.30965E+00
      46     1.34451E+03     9.12902E-02     6.79072E-04     1.18565E+00
      47     1.36407E+03     9.79117E-02     7.09009E-04     1.04930E+00
      48     1.38379E+03     1.04825E-01     7.39595E-04     8.99986E-01
      49     1.40365E+03     1.12022E-01     7.70829E-04     7.37147E-01
      50     1.42371E+03     1.19503E-01     8.02710E-04     5.60376E-01
      51     1.44403E+03     1.27274E-01     8.35237E-04     3.69572E-01
      52     1.46455E+03     1.35337E-01     8.68409E-04     1.65690E-01
      53     1.48520E+03     1.43695E-01     9.02226E-04    -5.02633E-02
      54     1.50597E+03     1.52350E-01     9.36685E-04    -2.78142E-01
      55     1.52684E+03     1.61306E-01     9.71786E-04    -5.18169E-01
      56     1.54794E+03     1.70560E-01     1.00753E-03    -7.71209E-01
      57     1.56936E+03     1.80109E-01     1.04391E-03    -1.03814E+00
      58     1.59105E+03     1.89951E-01     1.08094E-03    -1.31916E+00
      59     1.61294E+03     2.00086E-01     1.11860E-03    -1.61419E+00
      60     1.63500E+03     2.10506E-01     1.15690E-03    -1.92271E+00
      61     1.65724E+03     2.21204E-01     1.19584E-03    -2.24427E+00
      62     1.67966E+03     2.32175E-01     1.23541E-03    -2.57885E+00
      63     1.70228E+03     2.43419E-01     1.27563E-03    -2.92660E+00
      64     1.72512E+03     2.54932E-01     1.31648E-03    -3.28765E+00
      65     1.74818E+03     2.66714E-01     1.35797E-03    -3.66220E+00
      66     1.77152E+03     2.78758E-01     1.40009E-03    -4.05045E+00
      67     1.79510E+03     2.91058E-01     1.44286E-03    -4.45187E+00
      68     1.81890E+03     3.03602E-01     1.48626E-03    -4.86573E+00
      69     1.84287E+03     3.16384E-01     1.53030E-03    -5.29134E+00
      70     1.86698E+03     3.29397E-01     1.57498E-03    -5.72820E+00
      71     1.89120E+03     3.42637E-01     1.62030E-03    -6.17611E+00
      72     1.91565E+03     3.56100E-01     1.66626E-03    -6.63599E+00
      73     1.94045E+03     3.69781E-01     1.71287E-03    -7.10881E+00
      74     1.96560E+03     3.83667E-01     1.76012E-03    -7.59444E+00
      75     1.99110E+03     3.97748E-01     1.80801E-03    -8.09247E+00
      76     2.01692E+03     4.12009E-01     1.85655E-03    -8.60234E+00
      77     2.04292E+03     4.26440E-01     1.90574E-03    -9.12261E+00
      78     2.06909E+03     4.41027E-01     1.95559E-03    -9.65281E+00
      79     2.09547E+03     4.55761E-01     2.00608E-03    -1.01928E+01
      80     2.12209E+03     4.70628E-01     2.05723E-03    -1.07425E+01
      81     2.14896E+03     4.85619E-01     2.10904E-03    -1.13017E+01
      82     2.17611E+03     5.00723E-01     2.16151E-03    -1.18701E+01
      83     2.20349E+03     5.15928E-01     2.21464E-03    -1.24473E+01
      84     2.23113E+03     5.31224E-01     2.26844E-03    -1.30327E+01
      85     2.25900E+03     5.46599E-01     2.32291E-03    -1.36263E+01
      86     2.28710E+03     5.62044E-01     2.37804E-03    -1.42273E+01
      87     2.31541E+03     5.77545E-01     2.43385E-03    -1.48353E+01
      88     2.34391E+03     5.93090E-01     2.49034E-03    -1.54498E+01
      89     2.37259E+03     6.08665E-01     2.54751E-03    -1.60704E+01
      90     2.40147E+03     6.24254E-01     2.60536E-03    -1.66967E+01
      91     2.43056E+03     6.39843E-01     2.66390E-03    -1.73282E+01
      92     2.45986E+03     6.55416E-01     2.72313E-03    -1.79648E+01
      93     2.48937E+03     6.70960E-01     2.78305E-03    -1.86058E+01
      94     2.51910E+03     6.86462E-01     2.84367E-03    -1.92512E+01
      95     2.54906E+03     7.01906E-01     2.90499E-03    -1.99003E+01
      96     2.57924E+03     7.17279E-01     2.96701E-03    -2.05527E+01
      97     2.60965E+03     7.32566E-01     3.02975E-03    -2.12080E+01
      98     2.64028E+03     7.47751E-01     3.09319E-03    -2.18658E+01
      99     2.67112E+03     7.62821E-01     3.15734E-03    -2.25256E+01
     100     2.70219E+03     7.77764E-01     3.22222E-03    -2.31867E+01
     101     2.73347E+03     7.92566E-01     3.28781E-03    -2.38488E+01
     102     2.76497E+03     8.07204E-01     3.35413E-03    -2.45115E+01
     103     2.79667E+03     8.21678E-01     3.42119E-03    -2.51740E+01
     104     2.82857E+03     8.35959E-01     3.48897E-03    -2.58360E+01
     105     2.86066E+03     8.50041E-01     3.55749E-03    -2.64968E+01
     106     2.89295E+03     8.63907E-01     3.62675E-03    -2.71558E+01
     107     2.92541E+03     8.77551E-01     3.69676E-03    -2.78126E+01
     108     2.95804E+03     8.90952E-01     3.76752E-03    -2.84666E+01
     109     2.99085E+03     9.04101E-01     3.83903E-03    -2.91171E+01
     110     3.02381E+03     9.16977E-01     3.91130E-03    -2.97637E+01
     111     3.05693E+03     9.29573E-01     3.98433E-03    -3.04058E+01
     112     3.09020E+03     9.41881E-01     4.05812E-03    -3.10427E+01
     113     3.12361E+03     9.53878E-01     4.13269E-03    -3.16741E+01
     114     3.15715E+03     9.65550E-01     4.20803E-03    -3.22992E+01
     115     3.19083E+03     9.76896E-01     4.28415E-03    -3.29175E+01
     116     3.22463E+03     9.87902E-01     4.36105E-03    -3.35285E+01
     117     3.25854E+03     9.98544E-01     4.43875E-03    -3.41316E+01
     118     3.29256E+03     1.00882E+00     4.51724E-03    -3.47262E+01
     119     3.32669E+03     1.01873E+00     4.59653E-03    -3.53117E+01
     120     3.36090E+03     1.02824E+00     4.67662E-03    -3.58877E+01
     121     3.39520E+03     1.03736E+00     4.75752E-03    -3.64535E+01
     122     3.42957E+03     1.04606E+00     4.83924E-03    -3.70086E+01
     123     3.46401E+03     1.05436E+00     4.92178E-03    -3.75524E+01
     124     3.49852E+03     1.06222E+00     5.00515E-03    -3.80844E+01
     125     3.53306E+03     1.06965E+00     5.08935E-03    -3.86041E+01
     126     3.56766E+03     1.07663E+00     5.17439E-03    -3.91108E+01
     127     3.60228E+03     1.08317E+00     5.26027E-03    -3.96042E+01
     128     3.63692E+03     1.08925E+00     5.34700E-03    -4.00836E+01
     129     3.67159E+03     1.09487E+00     5.43460E-03    -4.05485E+01
     130     3.70625E+03     1.10001E+00     5.52305E-03    -4.09984E+01
     131     3.74091E+03     1.10467E+00     5.61238E-03    -4.14328E+01
     132     3.77557E+03     1.10886E+00     5.70258E-03    -4.18512E+01
     133     3.81020E+03     1.11256E+00     5.79367E-03    -4.22531E+01
     134     3.84481E+03     1.11578E+00     5.88564E-03    -4.26380E+01
     135     3.87938E+03     1.11851E+00     5.97852E-03    -4.30056E+01
     136     3.91392E+03     1.12075E+00     6.07229E-03    -4.33552E+01
     137     3.94840E+03     1.12249E+00     6.16698E-03    -4.36864E+01
     138     3.98283E+03     1.12374E+00     6.26259E-03    -4.39988E+01
     139     4.01718E+03     1.12450E+00     6.35912E-03    -4.42920E+01
     140     4.05147E+03     1.12476E+00     6.45658E-03    -4.45656E+01
     141     4.08568E+03     1.12454E+00     6.55498E-03    -4.48192E+01
     142     4.11979E+03     1.12383E+00     6.65432E-03    -4.50523E+01
     143     4.15381E+03     1.12263E+00     6.75462E-03    -4.52646E+01
     144     4.18772E+03     1.12095E+00     6.85587E-03    -4.54557E+01
     145     4.22152E+03     1.11878E+00     6.95809E-03    -4.56251E+01
     146     4.25518E+03     1.11614E+00     7.06127E-03    -4.57726E+01
     147     4.28869E+03     1.11304E+00     7.16544E-03    -4.58976E+01
     148     4.32203E+03     1.10947E+00     7.27058E-03    -4.59997E+01
     149     4.35520E+03     1.10545E+00     7.37672E-03    -4.60787E+01
     150     4.38819E+03     1.10098E+00     7.48384E-03    -4.61340E+01
     151     4.42096E+03     1.09607E+00     7.59197E-03    -4.61654E+01
     152     4.45352E+03     1.09073E+00     7.70110E-03    -4.61725E+01
     153     4.48586E+03     1.08497E+00     7.81123E-03    -4.61551E+01
     154     4.51799E+03     1.07881E+00     7.92238E-03    -4.61130E+01
     155     4.54988E+03     1.07224E+00     8.03454E-03    -4.60458E+01
     156     4.58156E+03     1.06530E+00     8.14773E-03    -4.59535E+01
     157     4.61298E+03     1.05797E+00     8.26194E-03    -4.58356E+01
     158     4.64418E+03     1.05030E+00     8.37717E-03    -4.56920E+01
     159     4.67512E+03     1.04227E+00     8.49343E-03    -4.55225E+01
     160     4.70579E+03     1.03392E+00     8.61072E-03    -4.53268E+01
     161     4.73619E+03     1.02525E+00     8.72904E-03    -4.51048E+01
     162     4.76629E+03     1.01628E+00     8.84840E-03    -4.48563E+01
     163     4.79610E+03     1.00705E+00     8.96879E-03    -4.45809E+01
     164     4.82558E+03     9.97549E-01     9.09021E-03    -4.42786E+01
     165     4.85474E+03     9.87802E-01     9.21267E-03    -4.39493E+01
     166     4.88357E+03     9.77832E-01     9.33616E-03    -4.35927E+01
     167     4.91204E+03     9.67660E-01     9.46068E-03    -4.32087E+01
     168     4.94017E+03     9.57309E-01     9.58624E-03    -4.27974E+01
     169     4.96793E+03     9.46802E-01     9.71282E-03    -4.23587E+01
     170     4.99533E+03     9.36154E-01     9.84044E-03    -4.18924E+01
     171     5.02233E+03     9.25394E-01     9.96907E-03    -4.13986E+01
     172     5.04897E+03     9.14544E-01     1.00987E-02    -4.08771E+01
     173     5.07520E+03     9.03627E-01     1.02294E-02    -4.03280E+01
     174     5.10102E+03     8.92665E-01     1.03611E-02    -3.97512E+01
     175     5.12644E+03     8.81695E-01     1.04938E-02    -3.91468E+01
     176     5.15143E+03     8.70733E-01     1.06275E-02    -3.85149E+01
     177     5.17599E+03     8.59815E-01     1.07622E-02    -3.78553E+01
     178     5.20011E+03     8.48964E-01     1.08979E-02    -3.71683E+01
     179     5.22378E+03     8.38202E-01     1.10346E-02    -3.64537E+01
     180     5.24700E+03     8.27566E-01     1.11723E-02    -3.57118E+01
     181     5.26976E+03     8.17087E-01     1.13109E-02    -3.49427E+01
     182     5.29205E+03     8.06793E-01     1.14505E-02    -3.41464E+01
     183     5.31386E+03     7.96708E-01     1.15911E-02    -3.33233E+01
     184     5.33519E+03     7.86869E-01     1.17326E-02    -3.24734E+01
     185     5.35603E+03     7.77312E-01     1.18751E-02    -3.15967E+01
     186     5.37637E+03     7.68060E-01     1.20185E-02    -3.06935E+01
     187     5.39621E+03     7.59143E-01     1.21628E-02    -2.97641E+01
     188     5.41554E+03     7.50603E-01     1.23081E-02    -2.88086E+01
     189     5.43435E+03     7.42469E-01     1.24542E-02    -2.78273E+01
     190     5.45264E+03     7.34776E-01     1.26013E-02    -2.68204E+01
     191     5.47039E+03     7.27556E-01     1.27492E-02    -2.57882E+01
     192     5.48761E+03     7.20844E-01     1.28981E-02    -2.47308E+01
     193     5.50427E+03     7.14674E-01     1.30478E-02    -2.36486E+01
     194     5.52039E+03     7.09080E-01     1.31984E-02    -2.25420E+01
     195     5.53595E+03     7.04099E-01     1.33498E-02    -2.14111E+01
     196     5.55096E+03     6.99766E-01     1.35021E-02    -2.02565E+01
     197     5.56541E+03     6.96118E-01     1.36551E-02    -1.90785E+01
     198     5.57931E+03     6.93190E-01     1.38091E-02    -1.78774E+01
     199     5.59262E+03     6.91020E-01     1.39638E-02    -1.66536E+01
     200     5.60538E+03     6.89641E-01     1.41193E-02    -1.54076E+01
     201     5.61755E+03     6.89092E-01     1.42756E-02    -1.41395E+01
     202     5.62915E+03     6.89408E-01     1.44327E-02    -1.28500E+01
     203     5.64013E+03     6.90626E-01     1.45906E-02    -1.15394E+01
     204     5.65052E+03     6.92782E-01     1.47492E-02    -1.02082E+01
     205     5.66028E+03     6.95914E-01     1.49085E-02    -8.85668E+00
     206     5.66941E+03     7.00056E-01     1.50686E-02    -7.48539E+00
     207     5.67791E+03     7.05246E-01     1.52294E-02    -6.09465E+00
     208     5.68577E+03     7.11521E-01     1.53908E-02    -4.68507E+00
     209     5.69301E+03     7.18916E-01     1.55530E-02    -3.25719E+00
     210     5.69963E+03     7.27468E-01     1.57159E-02    -1.81158E+00
     211     5.70562E+03     7.37214E-01     1.58794E-02    -3.48773E-01
     212     5.71100E+03     7.48189E-01     1.60435E-02     1.13066E+00
     213     5.71578E+03     7.60431E-01     1.62083E-02     2.62616E+00
     214     5.71996E+03     7.73975E-01     1.63737E-02     4.13716E+00
     215     5.72354E+03     7.88853E-01     1.65397E-02     5.66309E+00
     216     5.72651E+03     8.05108E-01     1.67063E-02     7.20334E+00
     217     5.72886E+03     8.22770E-01     1.68735E-02     8.75729E+00
     218     5.73060E+03     8.41868E-01     1.70412E-02     1.03244E+01
     219     5.73172E+03     8.62447E-01     1.72095E-02     1.19041E+01
     220     5.73220E+03     8.84536E-01     1.73783E-02     1.34958E+01
     221     5.73207E+03     9.08164E-01     1.75476E-02     1.50987E+01
     222     5.73130E+03     9.33375E-01     1.77174E-02     1.67124E+01
     223     5.72990E+03     9.60192E-01     1.78877E-02     1.83360E+01
     224     5.72788E+03     9.88650E-01     1.80585E-02     1.99692E+01
     225     5.72524E+03     1.01877E+00     1.82297E-02     2.16110E+01
     226     5.72197E+03     1.05060E+00     1.84013E-02     2.32609E+01
     227     5.71808E+03     1.08417E+00     1.85733E-02     2.49182E+01
     228     5.71357E+03     1.11950E+00     1.87457E-02     2.65822E+01
     229     5.70844E+03     1.15662E+00     1.89185E-02     2.82522E+01
     230     5.70270E+03     1.19557E+00     1.90916E-02     2.99276E+01
     231     5.69634E+03     1.23635E+00     1.92651E-02     3.16077E+01
     232     5.68937E+03     1.27902E+00     1.94388E-02     3.32917E+01
     233     5.68179E+03     1.32358E+00     1.96129E-02     3.49789E+01
     234     5.67359E+03     1.37008E+00     1.97872E-02     3.66686E+01
     235     5.66480E+03     1.41853E+00     1.99618E-02     3.83602E+01
     236     5.65539E+03     1.46897E+00     2.01366E-02     4.00529E+01
     237     5.64539E+03     1.52140E+00     2.03116E-02     4.17459E+01
     238     5.63480E+03     1.57585E+00     2.04868E-02     4.34385E+01
     239     5.62361E+03     1.63234E+00     2.06622E-02     4.51301E+01
     240     5.61183E+03     1.69089E+00     2.08377E-02     4.68197E+01
     241     5.59946E+03     1.75154E+00     2.10133E-02     4.85068E+01
     242     5.58651E+03     1.81429E+00     2.11890E-02     5.01906E+01
     243     5.57299E+03     1.87916E+00     2.13648E-02     5.18702E+01
     244     5.55889E+03     1.94617E+00     2.15407E-02     5.35451E+01
     245     5.54423E+03     2.01533E+00     2.17166E-02     5.52145E+01
     246     5.52901E+03     2.08666E+00     2.18925E-02     5.68778E+01
     247     5.51324E+03     2.16017E+00     2.20684E-02     5.85340E+01
     248     5.49692E+03     2.23589E+00     2.22443E-02     6.01826E+01
     249     5.48006E+03     2.31380E+00     2.24201E-02     6.18228E+01
     250     5.46266E+03     2.39395E+00     2.25958E-02     6.34539E+01
     251     5.44473E+03     2.47631E+00     2.27715E-02     6.50750E+01
     252     5.42627E+03     2.56091E+00     2.29470E-02     6.66853E+01
     253     5.40727E+03     2.64774E+00     2.31224E-02     6.82842E+01
     254     5.38776E+03     2.73682E+00     2.32977E-02     6.98707E+01
     255     5.36772E+03     2.82815E+00     2.34727E-02     7.14441E+01
     256     5.34716E+03     2.92173E+00     2.36476E-02     7.30036E+01
     257     5.32609E+03     3.01757E+00     2.38223E-02     7.45487E+01
     258     5.30453E+03     3.11566E+00     2.39967E-02     7.60783E+01
     259     5.28249E+03     3.21601E+00     2.41708E-02     7.75929E+01
     260     5.25997E+03     3.31861E+00     2.43447E-02     7.90903E+01
     261     5.23700E+03     3.42346E+00     2.45183E-02     8.05711E+01
     262     5.21359E+03     3.53057E+00     2.46916E-02     8.20340E+01
     263     5.18974E+03     3.63993E+00     2.48645E-02     8.34789E+01
     264     5.16546E+03     3.75153E+00     2.50371E-02     8.49043E+01
     265     5.14076E+03     3.86536E+00     2.52093E-02     8.63110E+01
     266     5.11564E+03     3.98142E+00     2.53812E-02     8.76968E+01
     267     5.09012E+03     4.09967E+00     2.55527E-02     8.90610E+01
     268     5.06419E+03     4.22013E+00     2.57237E-02     9.04042E+01
     269     5.03786E+03     4.34277E+00     2.58943E-02     9.17243E+01
     270     5.01113E+03     4.46758E+00     2.60645E-02     9.30221E+01
     271     4.98403E+03     4.59455E+00     2.62342E-02     9.42953E+01
     272     4.95655E+03     4.72365E+00     2.64035E-02     9.55446E+01
     273     4.92871E+03     4.85487E+00     2.65722E-02     9.67686E+01
     274     4.90052E+03     4.98819E+00     2.67405E-02     9.79680E+01
     275     4.87198E+03     5.12358E+00     2.69083E-02     9.91406E+01
     276     4.84313E+03     5.26103E+00     2.70755E-02     1.00287E+02
     277     4.81395E+03     5.40052E+00     2.72422E-02     1.01406E+02
     278     4.78445E+03     5.54202E+00     2.74084E-02     1.02497E+02
     279     4.75466E+03     5.68550E+00     2.75741E-02     1.03561E+02
     280     4.72458E+03     5.83092E+00     2.77391E-02     1.04595E+02
     281     4.69422E+03     5.97827E+00     2.79036E-02     1.05600E+02
     282     4.66359E+03     6.12751E+00     2.80675E-02     1.06576E+02
     283     4.63271E+03     6.27861E+00     2.82308E-02     1.07521E+02
     284     4.60157E+03     6.43154E+00     2.83936E-02     1.08436E+02
     285     4.57019E+03     6.58627E+00     2.85557E-02     1.09319E+02
     286     4.53857E+03     6.74276E+00     2.87172E-02     1.10171E+02
     287     4.50675E+03     6.90096E+00     2.88781E-02     1.10991E+02
     288     4.47472E+03     7.06086E+00     2.90383E-02     1.11777E+02
     289     4.44249E+03     7.22240E+00     2.91980E-02     1.12532E+02
     290     4.41007E+03     7.38554E+00     2.93570E-02     1.13253E+02
     291     4.37748E+03     7.55027E+00     2.95153E-02     1.13940E+02
     292     4.34472E+03     7.71646E+00     2.96730E-02     1.14594E+02
     293     4.31180E+03     7.88416E+00     2.98300E-02     1.15213E+02
     294     4.27874E+03     8.05332E+00     2.99864E-02     1.15797E+02
     295     4.24554E+03     8.22378E+00     3.01421E-02     1.16346E+02
     296     4.21220E+03     8.39562E+00     3.02971E-02     1.16860E+02
     297     4.17874E+03     8.56868E+00     3.04514E-02     1.17336E+02
     298     4.14517E+03     8.74297E+00     3.06051E-02     1.17777E+02
     299     4.11150E+03     8.91841E+00     3.07581E-02     1.18181E+02
     300     4.07774E+03     9.09494E+00     3.09104E-02     1.18548E+02
     301     4.04391E+03     9.27261E+00     3.10620E-02     1.18878E+02
     302     4.01001E+03     9.45121E+00     3.12129E-02     1.19172E+02
     303     3.97606E+03     9.63082E+00     3.13631E-02     1.19428E+02
     304     3.94207E+03     9.81136E+00     3.15126E-02     1.19648E+02
     305     3.90806E+03     9.99275E+00     3.16615E-02     1.19830E+02
     306     3.87401E+03     1.01750E+01     3.18096E-02     1.19975E+02
     307     3.83997E+03     1.03580E+01     3.19570E-02     1.20081E+02
     308     3.80593E+03     1.05416E+01     3.21037E-02     1.20150E+02
     309     3.77191E+03     1.07259E+01     3.22498E-02     1.20182E+02
     310     3.73789E+03     1.09107E+01     3.23951E-02     1.20176E+02
     311     3.70392E+03     1.10960E+01     3.25397E-02     1.20131E+02
     312     3.66998E+03     1.12818E+01     3.26836E-02     1.20048E+02
     313     3.63610E+03     1.14680E+01     3.28269E-02     1.19928E+02
     314     3.60228E+03     1.16544E+01     3.29694E-02     1.19768E+02
     315     3.56852E+03     1.18410E+01     3.31112E-02     1.19571E+02
     316     3.53485E+03     1.20279E+01     3.32524E-02     1.19335E+02
     317     3.50127E+03     1.22148E+01     3.33929E-02     1.19062E+02
     318     3.46780E+03     1.24018E+01     3.35327E-02     1.18750E+02
     319     3.43444E+03     1.25887E+01     3.36718E-02     1.18400E+02
     320     3.40119E+03     1.27756E+01     3.38102E-02     1.18013E+02
     321     3.36809E+03     1.29623E+01     3.39480E-02     1.17588E+02
     322     3.33511E+03     1.31488E+01     3.40851E-02     1.17125E+02
     323     3.30230E+03     1.33349E+01     3.42216E-02     1.16625E+02
     324     3.26963E+03     1.35206E+01     3.43574E-02     1.16088E+02
     325     3.23714E+03     1.37060E+01     3.44926E-02     1.15513E+02
     326     3.20483E+03     1.38908E+01     3.46272E-02     1.14902E+02
     327     3.17270E+03     1.40751E+01     3.47611E-02     1.14253E+02
     328     3.14077E+03     1.42586E+01     3.48945E-02     1.13567E+02
     329     3.10904E+03     1.44415E+01     3.50272E-02     1.12846E+02
     330     3.07753E+03     1.46235E+01     3.51594E-02     1.12089E+02
     331     3.04623E+03     1.48046E+01     3.52910E-02     1.11296E+02
     332     3.01517E+03     1.49849E+01     3.54220E-02     1.10466E+02
     333     2.98434E+03     1.51640E+01     3.55525E-02     1.09603E+02
     334     2.95376E+03     1.53422E+01     3.56824E-02     1.08704E+02
     335     2.92344E+03     1.55191E+01     3.58119E-02     1.07770E+02
     336     2.89338E+03     1.56948E+01     3.59408E-02     1.06803E+02
     337     2.86359E+03     1.58692E+01     3.60692E-02     1.05802E+02
     338     2.83407E+03     1.60423E+01     3.61972E-02     1.04767E+02
     339     2.80484E+03     1.62139E+01     3.63247E-02     1.03701E+02
     340     2.77592E+03     1.63841E+01     3.64518E-02     1.02602E+02
     341     2.74729E+03     1.65527E+01     3.65785E-02     1.01471E+02
     342     2.71896E+03     1.67196E+01     3.67047E-02     1.00308E+02
     343     2.69095E+03     1.68847E+01     3.68306E-02     9.91141E+01
     344     2.66325E+03     1.70481E+01     3.69561E-02     9.78888E+01
     345     2.63587E+03     1.72095E+01     3.70813E-02     9.66329E+01
     346     2.60881E+03     1.73689E+01     3.72061E-02     9.53462E+01
     347     2.58208E+03     1.75264E+01     3.73306E-02     9.40297E+01
     348     2.55569E+03     1.76815E+01     3.74549E-02     9.26831E+01
     349     2.52964E+03     1.78346E+01     3.75789E-02     9.13089E+01
     350     2.50394E+03     1.79855E+01     3.77026E-02     8.99062E+01
     351     2.47860E+03     1.81341E+01     3.78261E-02     8.84766E+01
     352     2.45363E+03     1.82804E+01     3.79494E-02     8.70207E+01
     353     2.42904E+03     1.84244E+01     3.80726E-02     8.55386E+01
     354     2.40482E+03     1.85660E+01     3.81955E-02     8.40326E+01
     355     2.38099E+03     1.87050E+01     3.83184E-02     8.25018E+01
     356     2.35754E+03     1.88415E+01     3.84411E-02     8.09470E+01
     357     2.33449E+03     1.89754E+01     3.85637E-02     7.93689E+01
     358     2.31184E+03     1.91067E+01     3.86863E-02     7.77684E+01
     359     2.28958E+03     1.92352E+01     3.88088E-02     7.61454E+01
     360     2.26773E+03     1.93608E+01     3.89313E-02     7.45014E+01
     361     2.24627E+03     1.94835E+01     3.90538E-02     7.28353E+01
     362     2.22523E+03     1.96033E+01     3.91763E-02     7.11491E+01
     363     2.20460E+03     1.97201E+01     3.92988E-02     6.94433E+01
     364     2.18438E+03     1.98338E+01     3.94214E-02     6.77185E+01
     365     2.16459E+03     1.99444E+01     3.95441E-02     6.59756E+01
     366     2.14522E+03     2.00518E+01     3.96668E-02     6.42154E+01
     367     2.12627E+03     2.01561E+01     3.97897E-02     6.24386E+01
     368     2.10775E+03     2.02571E+01     3.99128E-02     6.06461E+01
     369     2.08966E+03     2.03548E+01     4.00360E-02     5.88385E+01
     370     2.07201E+03     2.04491E+01     4.01594E-02     5.70167E+01
     371     2.05479E+03     2.05402E+01     4.02830E-02     5.51814E+01
     372     2.03801E+03     2.06277E+01     4.04068E-02     5.33333E+01
     373     2.02166E+03     2.07119E+01     4.05309E-02     5.14732E+01
     374     2.00575E+03     2.07926E+01     4.06552E-02     4.96020E+01
     375     1.99028E+03     2.08697E+01     4.07799E-02     4.77202E+01
     376     1.97525E+03     2.09433E+01     4.09048E-02     4.58288E+01
     377     1.96067E+03     2.10132E+01     4.10301E-02     4.39283E+01
     378     1.94652E+03     2.10795E+01     4.11557E-02     4.20196E+01
     379     1.93281E+03     2.11420E+01     4.12816E-02     4.01034E+01
     380     1.91956E+03     2.12008E+01     4.14080E-02     3.81805E+01
     381     1.90675E+03     2.12558E+01     4.15347E-02     3.62515E+01
     382     1.89438E+03     2.13068E+01     4.16619E-02     3.43172E+01
     383     1.88246E+03     2.13541E+01     4.17895E-02     3.23786E+01
     384     1.87099E+03     2.13976E+01     4.19176E-02     3.04363E+01
     385     1.85995E+03     2.14371E+01     4.20461E-02     2.84912E+01
     386     1.84936E+03     2.14728E+01     4.21752E-02     2.65443E+01
     387     1.83922E+03     2.15046E+01     4.23047E-02     2.45962E+01
     388     1.82951E+03     2.15327E+01     4.24348E-02     2.26479E+01
     389     1.82024E+03     2.15568E+01     4.25654E-02     2.07002E+01
     390     1.81141E+03     2.15771E+01     4.26965E-02     1.87538E+01
     391     1.80302E+03     2.15935E+01     4.28283E-02     1.68096E+01
     392     1.79506E+03     2.16059E+01     4.29606E-02     1.48683E+01
     393     1.78753E+03     2.16144E+01     4.30936E-02     1.29308E+01
     394     1.78043E+03     2.16190E+01     4.32272E-02     1.09978E+01
     395     1.77376E+03     2.16196E+01     4.33614E-02     9.07001E+00
     396     1.76751E+03     2.16163E+01     4.34963E-02     7.14833E+00
     397     1.76168E+03     2.16090E+01     4.36319E-02     5.23348E+00
     398     1.75627E+03     2.15978E+01     4.37681E-02     3.32622E+00
     399     1.75128E+03     2.15825E+01     4.39051E-02     1.42732E+00
     400     1.74670E+03     2.15633E+01     4.40428E-02    -4.62468E-01
     401     1.74254E+03     2.15402E+01     4.41812E-02    -2.34239E+00
     402     1.73880E+03     2.15131E+01     4.43204E-02    -4.21168E+00
     403     1.73546E+03     2.14821E+01     4.44604E-02    -6.06960E+00
     404     1.73253E+03     2.14472E+01     4.46011E-02    -7.91537E+00
     405     1.73000E+03     2.14084E+01     4.47426E-02    -9.74825E+00
     406     1.72786E+03     2.13658E+01     4.48850E-02    -1.15676E+01
     407     1.72611E+03     2.13193E+01     4.50282E-02    -1.33724E+01
     408     1.72475E+03     2.12689E+01     4.51722E-02    -1.51622E+01
     409     1.72377E+03     2.12148E+01     4.53171E-02    -1.69360E+01
     410     1.72317E+03     2.11569E+01     4.54629E-02    -1.86931E+01
     411     1.72293E+03     2.10952E+01     4.56095E-02    -2.04331E+01
     412     1.72306E+03     2.10299E+01     4.57570E-02    -2.21551E+01
     413     1.72355E+03     2.09608E+01     4.59055E-02    -2.38586E+01
     414     1.72440E+03     2.08881E+01     4.60548E-02    -2.55429E+01
     415     1.72560E+03     2.08118E+01     4.62051E-02    -2.72074E+01
     416     1.72715E+03     2.07319E+01     4.63563E-02    -2.88515E+01
     417     1.72903E+03     2.06486E+01     4.65085E-02    -3.04745E+01
     418     1.73126E+03     2.05617E+01     4.66616E-02    -3.20759E+01
     419     1.73382E+03     2.04714E+01     4.68157E-02    -3.36548E+01
     420     1.73670E+03     2.03776E+01     4.69708E-02    -3.52109E+01
     421     1.73991E+03     2.02805E+01     4.71269E-02    -3.67433E+01
     422     1.74343E+03     2.01800E+01     4.72839E-02    -3.82514E+01
     423     1.74728E+03     2.00761E+01     4.74420E-02    -3.97346E+01
     424     1.75142E+03     1.99689E+01     4.76010E-02    -4.11923E+01
     425     1.75587E+03     1.98585E+01     4.77611E-02    -4.26240E+01
     426     1.76061E+03     1.97449E+01     4.79222E-02    -4.40294E+01
     427     1.76562E+03     1.96283E+01     4.80843E-02    -4.54080E+01
     428     1.77093E+03     1.95088E+01     4.82474E-02    -4.67593E+01
     429     1.77649E+03     1.93863E+01     4.84116E-02    -4.80830E+01
     430     1.78232E+03     1.92609E+01     4.85767E-02    -4.93785E+01
     431     1.78841E+03     1.91328E+01     4.87429E-02    -5.06456E+01
     432     1.79474E+03     1.90021E+01     4.89102E-02    -5.18839E+01
     433     1.80133E+03     1.88686E+01     4.90784E-02    -5.30926E+01
     434     1.80815E+03     1.87327E+01     4.92477E-02    -5.42717E+01
     435     1.81520E+03     1.85942E+01     4.94180E-02    -5.54204E+01
     436     1.82249E+03     1.84533E+01     4.95893E-02    -5.65385E+01
     437     1.83000E+03     1.83099E+01     4.97617E-02    -5.76255E+01
     438     1.83773E+03     1.81643E+01     4.99350E-02    -5.86811E+01
     439     1.84567E+03     1.80163E+01     5.01094E-02    -5.97046E+01
     440     1.85382E+03     1.78662E+01     5.02848E-02    -6.06961E+01
     441     1.86215E+03     1.77140E+01     5.04611E-02    -6.16550E+01
     442     1.87067E+03     1.75597E+01     5.06385E-02    -6.25812E+01
     443     1.87937E+03     1.74035E+01     5.08168E-02    -6.34742E+01
     444     1.88824E+03     1.72455E+01     5.09961E-02    -6.43339E+01
     445     1.89726E+03     1.70857E+01     5.11764E-02    -6.51598E+01
     446     1.90643E+03     1.69242E+01     5.13576E-02    -6.59518E+01
     447     1.91574E+03     1.67611E+01     5.15397E-02    -6.67098E+01
     448     1.92521E+03     1.65965E+01     5.17228E-02    -6.74337E+01
     449     1.93481E+03     1.64306E+01     5.19068E-02    -6.81233E+01
     450     1.94454E+03     1.62632E+01     5.20917E-02    -6.87786E+01
     451     1.95440E+03     1.60946E+01     5.22775E-02    -6.93995E+01
     452     1.96438E+03     1.59249E+01     5.24642E-02    -6.99856E+01
     453     1.97448E+03     1.57542E+01     5.26517E-02    -7.05370E+01
     454     1.98468E+03     1.55825E+01     5.28401E-02    -7.10533E+01
     455     1.99497E+03     1.54099E+01     5.30293E-02    -7.15345E+01
     456     2.00535E+03     1.52364E+01     5.32193E-02    -7.19803E+01
     457     2.01580E+03     1.50623E+01     5.34101E-02    -7.23907E+01
     458     2.02632E+03     1.48876E+01     5.36018E-02    -7.27653E+01
     459     2.03688E+03     1.47123E+01     5.37941E-02    -7.31041E+01
     460     2.04751E+03     1.45366E+01     5.39873E-02    -7.34074E+01
     461     2.05818E+03     1.43605E+01     5.41811E-02    -7.36743E+01
     462     2.06889E+03     1.41842E+01     5.43757E-02    -7.39071E+01
     463     2.07964E+03     1.40079E+01     5.45710E-02    -7.41044E+01
     464     2.09043E+03     1.38316E+01     5.47669E-02    -7.42669E+01
     465     2.10125E+03     1.36554E+01     5.49635E-02    -7.43945E+01
     466     2.11209E+03     1.34794E+01     5.51607E-02    -7.44881E+01
     467     2.12296E+03     1.33037E+01     5.53586E-02    -7.45468E+01
     468     2.13383E+03     1.31285E+01     5.55570E-02    -7.45716E+01
     469     2.14471E+03     1.29538E+01     5.57561E-02    -7.45623E+01
     470     2.15558E+03     1.27797E+01     5.59556E-02    -7.45190E+01
     471     2.16642E+03     1.26063E+01     5.61558E-02    -7.44410E+01
     472     2.17724E+03     1.24337E+01     5.63564E-02    -7.43297E+01
     473     2.18802E+03     1.22620E+01     5.65575E-02    -7.41836E+01
     474     2.19877E+03     1.20912E+01     5.67591E-02    -7.40050E+01
     475     2.20946E+03     1.19216E+01     5.69612E-02    -7.37925E+01
     476     2.22011E+03     1.17532E+01     5.71637E-02    -7.35467E+01
     477     2.23070E+03     1.15860E+01     5.73666E-02    -7.32684E+01
     478     2.24124E+03     1.14203E+01     5.75699E-02    -7.29577E+01
     479     2.25173E+03     1.12561E+01     5.77735E-02    -7.26155E+01
     480     2.26214E+03     1.10935E+01     5.79775E-02    -7.22412E+01
     481     2.27249E+03     1.09326E+01     5.81818E-02    -7.18357E+01
     482     2.28275E+03     1.07735E+01     5.83864E-02    -7.13992E+01
     483     2.29293E+03     1.06162E+01     5.85912E-02    -7.09321E+01
     484     2.30301E+03     1.04610E+01     5.87964E-02    -7.04347E+01
     485     2.31298E+03     1.03079E+01     5.90017E-02    -6.99074E+01
     486     2.32285E+03     1.01570E+01     5.92072E-02    -6.93506E+01
     487     2.33260E+03     1.00082E+01     5.94129E-02    -6.87646E+01
     488     2.34222E+03     9.86198E+00     5.96188E-02    -6.81500E+01
     489     2.35173E+03     9.71808E+00     5.98248E-02    -6.75071E+01
     490     2.36110E+03     9.57678E+00     6.00309E-02    -6.68366E+01
     491     2.37034E+03     9.43815E+00     6.02370E-02    -6.61389E+01
     492     2.37945E+03     9.30217E+00     6.04432E-02    -6.54145E+01
     493     2.38842E+03     9.16901E+00     6.06495E-02    -6.46640E+01
     494     2.39726E+03     9.03879E+00     6.08557E-02    -6.38877E+01
     495     2.40595E+03     8.91160E+00     6.10619E-02    -6.30863E+01
     496     2.41449E+03     8.78743E+00     6.12680E-02    -6.22603E+01
     497     2.42287E+03     8.66643E+00     6.14741E-02    -6.14101E+01
     498     2.43110E+03     8.54866E+00     6.16800E-02    -6.05364E+01
     499     2.43915E+03     8.43420E+00     6.18858E-02    -5.96398E+01
     500     2.44702E+03     8.32319E+00     6.20914E-02    -5.87205E+01
     501     2.45472E+03     8.21564E+00     6.22968E-02    -5.77794E+01
     502     2.46223E+03     8.11167E+00     6.25020E-02    -5.68170E+01
     503     2.46955E+03     8.01130E+00     6.27070E-02    -5.58339E+01
     504     2.47668E+03     7.91474E+00     6.29116E-02    -5.48310E+01
     505     2.48363E+03     7.82191E+00     6.31160E-02    -5.38088E+01
     506     2.49038E+03     7.73295E+00     6.33200E-02    -5.27680E+01
     507     2.49694E+03     7.64796E+00     6.35237E-02    -5.17092E+01
     508     2.50331E+03     7.56700E+00     6.37269E-02    -5.06333E+01
     509     2.50947E+03     7.49013E+00     6.39297E-02    -4.95408E+01
     510     2.51544E+03     7.41742E+00     6.41321E-02    -4.84325E+01
     511     2.52120E+03     7.34891E+00     6.43339E-02    -4.73089E+01
     512     2.52677E+03     7.28467E+00     6.45353E-02    -4.61708E+01
     513     2.53213E+03     7.22476E+00     6.47361E-02    -4.50190E+01
     514     2.53727E+03     7.16924E+00     6.49363E-02    -4.38540E+01
     515     2.54221E+03     7.11816E+00     6.51359E-02    -4.26765E+01
     516     2.54693E+03     7.07159E+00     6.53349E-02    -4.14874E+01
     517     2.55144E+03     7.02956E+00     6.55332E-02    -4.02871E+01
     518     2.55572E+03     6.99213E+00     6.57308E-02    -3.90766E+01
     519     2.55979E+03     6.95936E+00     6.59277E-02    -3.78566E+01
     520     2.56362E+03     6.93128E+00     6.61238E-02    -3.66276E+01
     521     2.56723E+03     6.90796E+00     6.63192E-02    -3.53905E+01
     522     2.57061E+03     6.88943E+00     6.65137E-02    -3.41460E+01
     523     2.57375E+03     6.87573E+00     6.67074E-02    -3.28948E+01
     524     2.57666E+03     6.86690E+00     6.69003E-02    -3.16376E+01
     525     2.57934E+03     6.86296E+00     6.70922E-02    -3.03752E+01
     526     2.58179E+03     6.86395E+00     6.72833E-02    -2.91082E+01
     527     2.58402E+03     6.86989E+00     6.74734E-02    -2.78374E+01
     528     2.58601E+03     6.88083E+00     6.76625E-02    -2.65635E+01
     529     2.58777E+03     6.89677E+00     6.78506E-02    -2.52872E+01
     530     2.58931E+03     6.91774E+00     6.80377E-02    -2.40094E+01
     531     2.59061E+03     6.94378E+00     6.82238E-02    -2.27307E+01
     532     2.59169E+03     6.97488E+00     6.84087E-02    -2.14521E+01
     533     2.59254E+03     7.01107E+00     6.85926E-02    -2.01741E+01
     534     2.59315E+03     7.05237E+00     6.87754E-02    -1.88977E+01
     535     2.59354E+03     7.09880E+00     6.89570E-02    -1.76236E+01
     536     2.59369E+03     7.15037E+00     6.91375E-02    -1.63526E+01
     537     2.59361E+03     7.20708E+00     6.93168E-02    -1.50854E+01
     538     2.59331E+03     7.26895E+00     6.94949E-02    -1.38228E+01
     539     2.59279E+03     7.33596E+00     6.96718E-02    -1.25655E+01
     540     2.59203E+03     7.40813E+00     6.98474E-02    -1.13141E+01
     541     2.59105E+03     7.48545E+00     7.00218E-02    -1.00695E+01
     542     2.58986E+03     7.56793E+00     7.01949E-02    -8.83236E+00
     543     2.58843E+03     7.65557E+00     7.03667E-02    -7.60338E+00
     544     2.58679E+03     7.74835E+00     7.05372E-02    -6.38328E+00
     545     2.58493E+03     7.84624E+00     7.07063E-02    -5.17270E+00
     546     2.58285E+03     7.94926E+00     7.08742E-02    -3.97231E+00
     547     2.58056E+03     8.05737E+00     7.10406E-02    -2.78280E+00
     548     2.57805E+03     8.17050E+00     7.12057E-02    -1.60481E+00
     549     2.57533E+03     8.28878E+00     7.13694E-02    -4.39027E-01
     550     2.57240E+03     8.41200E+00     7.15318E-02     7.13885E-01
     551     2.56926E+03     8.54031E+00     7.16927E-02     1.85324E+00
     552     2.56591E+03     8.67355E+00     7.18521E-02     2.97833E+00
     553     2.56236E+03     8.81172E+00     7.20102E-02     4.08849E+00
     554     2.55862E+03     8.95482E+00     7.21668E-02     5.18303E+00
     555     2.55468E+03     9.10278E+00     7.23220E-02     6.26126E+00
     556     2.55053E+03     9.25559E+00     7.24757E-02     7.32247E+00
     557     2.54622E+03     9.41318E+00     7.26279E-02     8.36607E+00
     558     2.54170E+03     9.57555E+00     7.27786E-02     9.39131E+00
     559     2.53701E+03     9.74261E+00     7.29279E-02     1.03977E+01
     560     2.53213E+03     9.91438E+00     7.30757E-02     1.13847E+01
     561     2.52707E+03     1.00907E+01     7.32219E-02     1.23515E+01
     562     2.52184E+03     1.02716E+01     7.33667E-02     1.32978E+01
     563     2.51643E+03     1.04571E+01     7.35100E-02     1.42228E+01
     564     2.51086E+03     1.06470E+01     7.36517E-02     1.51260E+01
     565     2.50511E+03     1.08413E+01     7.37919E-02     1.60069E+01
     566     2.49920E+03     1.10400E+01     7.39306E-02     1.68650E+01
     567     2.49313E+03     1.12428E+01     7.40677E-02     1.76997E+01
     568     2.48690E+03     1.14500E+01     7.42033E-02     1.85105E+01
     569     2.48052E+03     1.16613E+01     7.43374E-02     1.92970E+01
     570     2.47397E+03     1.18766E+01     7.44699E-02     2.00587E+01
     571     2.46728E+03     1.20960E+01     7.46009E-02     2.07950E+01
     572     2.46045E+03     1.23192E+01     7.47304E-02     2.15057E+01
     573     2.45348E+03     1.25463E+01     7.48583E-02     2.21901E+01
     574     2.44636E+03     1.27773E+01     7.49847E-02     2.28481E+01
     575     2.43913E+03     1.30119E+01     7.51095E-02     2.34792E+01
     576     2.43176E+03     1.32501E+01     7.52328E-02     2.40831E+01
     577     2.42428E+03     1.34919E+01     7.53545E-02     2.46593E+01
     578     2.41668E+03     1.37371E+01     7.54747E-02     2.52075E+01
     579     2.40897E+03     1.39858E+01     7.55933E-02     2.57273E+01
     580     2.40115E+03     1.42376E+01     7.57104E-02     2.62185E+01
     581     2.39324E+03     1.44927E+01     7.58260E-02     2.66805E+01
     582     2.38523E+03     1.47509E+01     7.59401E-02     2.71131E+01
     583     2.37712E+03     1.50121E+01     7.60526E-02     2.75160E+01
     584     2.36893E+03     1.52762E+01     7.61636E-02     2.78887E+01
     585     2.36065E+03     1.55431E+01     7.62731E-02     2.82310E+01
     586     2.35229E+03     1.58128E+01     7.63810E-02     2.85426E+01
     587     2.34386E+03     1.60851E+01     7.64875E-02     2.88232E+01
     588     2.33536E+03     1.63599E+01     7.65925E-02     2.90727E+01
     589     2.32679E+03     1.66371E+01     7.66960E-02     2.92908E+01
     590     2.31817E+03     1.69166E+01     7.67980E-02     2.94773E+01
     591     2.30949E+03     1.71984E+01     7.68985E-02     2.96321E+01
     592     2.30075E+03     1.74822E+01     7.69976E-02     2.97547E+01
     593     2.29197E+03     1.77681E+01     7.70952E-02     2.98452E+01
     594     2.28314E+03     1.80559E+01     7.71913E-02     2.99034E+01
     595     2.27428E+03     1.83454E+01     7.72861E-02     2.99292E+01
     596     2.26539E+03     1.86367E+01     7.73794E-02     2.99224E+01
     597     2.25646E+03     1.89295E+01     7.74713E-02     2.98829E+01
     598     2.24751E+03     1.92236E+01     7.75619E-02     2.98107E+01
     599     2.23854E+03     1.95192E+01     7.76510E-02     2.97056E+01
     600     2.22956E+03     1.98160E+01     7.77388E-02     2.95675E+01
     601     2.22056E+03     2.01139E+01     7.78253E-02     2.93966E+01
     602     2.21155E+03     2.04128E+01     7.79104E-02     2.91929E+01
     603     2.20255E+03     2.07126E+01     7.79943E-02     2.89563E+01
     604     2.19355E+03     2.10131E+01     7.80768E-02     2.86868E+01
     605     2.18455E+03     2.13143E+01     7.81580E-02     2.83845E+01
     606     2.17557E+03     2.16159E+01     7.82380E-02     2.80494E+01
     607     2.16659E+03     2.19181E+01     7.83168E-02     2.76816E+01
     608     2.15765E+03     2.22205E+01     7.83944E-02     2.72811E+01
     609     2.14873E+03     2.25231E+01     7.84707E-02     2.68482E+01
     610     2.13983E+03     2.28258E+01     7.85459E-02     2.63828E+01
     611     2.13097E+03     2.31282E+01     7.86200E-02     2.58851E+01
     612     2.12215E+03     2.34305E+01     7.86929E-02     2.53550E+01
     613     2.11337E+03     2.37325E+01     7.87647E-02     2.47929E+01
     614     2.10464E+03     2.40340E+01     7.88355E-02     2.41988E+01
     615     2.09596E+03     2.43349E+01     7.89052E-02     2.35731E+01
     616     2.08734E+03     2.46351E+01     7.89739E-02     2.29160E+01
     617     2.07878E+03     2.49346E+01     7.90415E-02     2.22279E+01
     618     2.07029E+03     2.52333E+01     7.91082E-02     2.15090E+01
     619     2.06186E+03     2.55308E+01     7.91740E-02     2.07596E+01
     620     2.05351E+03     2.58274E+01     7.92388E-02     1.99799E+01
     621     2.04525E+03     2.61227E+01     7.93027E-02     1.91703E+01
     622     2.03707E+03     2.64167E+01     7.93658E-02     1.83310E+01
     623     2.02896E+03     2.67092E+01     7.94280E-02     1.74624E+01
     624     2.02096E+03     2.70001E+01     7.94894E-02     1.65648E+01
     625     2.01305E+03     2.72894E+01     7.95500E-02     1.56383E+01
     626     2.00524E+03     2.75768E+01     7.96099E-02     1.46834E+01
     627     1.99752E+03     2.78622E+01     7.96690E-02     1.37003E+01
     628     1.98992E+03     2.81456E+01     7.97274E-02     1.26894E+01
     629     1.98243E+03     2.84268E+01     7.97852E-02     1.16512E+01
     630     1.97504E+03     2.87057E+01     7.98423E-02     1.05860E+01
     631     1.96778E+03     2.89821E+01     7.98988E-02     9.49420E+00
     632     1.96063E+03     2.92561E+01     7.99547E-02     8.37637E+00
     633     1.95361E+03     2.95274E+01     8.00101E-02     7.23278E+00
     634     1.94671E+03     2.97960E+01     8.00650E-02     6.06393E+00
     635     1.93994E+03     3.00617E+01     8.01193E-02     4.87030E+00
     636     1.93331E+03     3.03244E+01     8.01732E-02     3.65237E+00
     637     1.92682E+03     3.05841E+01     8.02267E-02     2.41062E+00
     638     1.92046E+03     3.08406E+01     8.02797E-02     1.14558E+00
     639     1.91425E+03     3.10938E+01     8.03324E-02    -1.42296E-01
     640     1.90818E+03     3.13437E+01     8.03847E-02    -1.45249E+00
     641     1.90226E+03     3.15901E+01     8.04367E-02    -2.78450E+00
     642     1.89648E+03     3.18328E+01     8.04883E-02    -4.13777E+00
     643     1.89087E+03     3.20719E+01     8.05398E-02    -5.51170E+00
     644     1.88540E+03     3.23073E+01     8.05910E-02    -6.90572E+00
     645     1.88010E+03     3.25386E+01     8.06419E-02    -8.31925E+00
     646     1.87496E+03     3.27660E+01     8.06927E-02    -9.75172E+00
     647     1.86997E+03     3.29892E+01     8.07434E-02    -1.12025E+01
     648     1.86516E+03     3.32081E+01     8.07939E-02    -1.26711E+01
     649     1.86050E+03     3.34228E+01     8.08444E-02    -1.41567E+01
     650     1.85603E+03     3.36330E+01     8.08947E-02    -1.56589E+01
     651     1.85171E+03     3.38389E+01     8.09450E-02    -1.71770E+01
     652     1.84757E+03     3.40402E+01     8.09953E-02    -1.87101E+01
     653     1.84361E+03     3.42371E+01     8.10456E-02    -2.02579E+01
     654     1.83982E+03     3.44293E+01     8.10960E-02    -2.18197E+01
     655     1.83622E+03     3.46168E+01     8.11464E-02    -2.33947E+01
     656     1.83279E+03     3.47995E+01     8.11969E-02    -2.49823E+01
     657     1.82955E+03     3.49775E+01     8.12475E-02    -2.65819E+01
     658     1.82649E+03     3.51506E+01     8.12983E-02    -2.81926E+01
     659     1.82361E+03     3.53187E+01     8.13492E-02    -2.98139E+01
     660     1.82092E+03     3.54817E+01     8.14004E-02    -3.14450E+01
     661     1.81842E+03     3.56396E+01     8.14517E-02    -3.30853E+01
     662     1.81610E+03     3.57922E+01     8.15033E-02    -3.47341E+01
     663     1.81397E+03     3.59396E+01     8.15552E-02    -3.63907E+01
     664     1.81203E+03     3.60817E+01     8.16074E-02    -3.80542E+01
     665     1.81028E+03     3.62184E+01     8.16599E-02    -3.97241E+01
     666     1.80872E+03     3.63496E+01     8.17128E-02    -4.13996E+01
     667     1.80735E+03     3.64754E+01     8.17660E-02    -4.30800E+01
     668     1.80617E+03     3.65957E+01     8.18196E-02    -4.47645E+01
     669     1.80518E+03     3.67103E+01     8.18736E-02    -4.64525E+01
     670     1.80439E+03     3.68194E+01     8.19281E-02    -4.81433E+01
     671     1.80379E+03     3.69228E+01     8.19831E-02    -4.98361E+01
     672     1.80337E+03     3.70204E+01     8.20385E-02    -5.15303E+01
     673     1.80315E+03     3.71124E+01     8.20945E-02    -5.32250E+01
     674     1.80312E+03     3.71986E+01     8.21510E-02    -5.49196E+01
     675     1.80329E+03     3.72789E+01     8.22081E-02    -5.66134E+01
     676     1.80364E+03     3.73535E+01     8.22657E-02    -5.83055E+01
     677     1.80419E+03     3.74222E+01     8.23240E-02    -5.99955E+01
     678     1.80492E+03     3.74849E+01     8.23829E-02    -6.16822E+01
     679     1.80585E+03     3.75417E+01     8.24425E-02    -6.33651E+01
     680     1.80696E+03     3.75925E+01     8.25027E-02    -6.50434E+01
     681     1.80826E+03     3.76372E+01     8.25636E-02    -6.67163E+01
     682     1.80974E+03     3.76759E+01     8.26252E-02    -6.83829E+01
     683     1.81141E+03     3.77084E+01     8.26876E-02    -7.00426E+01
     684     1.81327E+03     3.77348E+01     8.27508E-02    -7.16948E+01
     685     1.81531E+03     3.77552E+01     8.28147E-02    -7.33387E+01
     686     1.81752E+03     3.77696E+01     8.28794E-02    -7.49733E+01
     687     1.81992E+03     3.77779E+01     8.29449E-02    -7.65988E+01
     688     1.82250E+03     3.77803E+01     8.30112E-02    -7.82144E+01
     689     1.82526E+03     3.77766E+01     8.30784E-02    -7.98188E+01
     690     1.82820E+03     3.77672E+01     8.31465E-02    -8.14111E+01
     691     1.83131E+03     3.77517E+01     8.32155E-02    -8.29916E+01
     692     1.83460E+03     3.77303E+01     8.32853E-02    -8.45594E+01
     693     1.83805E+03     3.77031E+01     8.33561E-02    -8.61138E+01
     694     1.84168E+03     3.76699E+01     8.34278E-02    -8.76535E+01
     695     1.84548E+03     3.76309E+01     8.35004E-02    -8.91784E+01
     696     1.84943E+03     3.75859E+01     8.35740E-02    -9.06871E+01
     697     1.85356E+03     3.75351E+01     8.36486E-02    -9.21797E+01
     698     1.85784E+03     3.74784E+01     8.37241E-02    -9.36547E+01
     699     1.86229E+03     3.74159E+01     8.38006E-02    -9.51121E+01
     700     1.86689E+03     3.73476E+01     8.38782E-02    -9.65513E+01
     701     1.87164E+03     3.72736E+01     8.39567E-02    -9.79716E+01
     702     1.87653E+03     3.71938E+01     8.40363E-02    -9.93722E+01
     703     1.88158E+03     3.71085E+01     8.41169E-02    -1.00753E+02
     704     1.88678E+03     3.70174E+01     8.41986E-02    -1.02112E+02
     705     1.89211E+03     3.69209E+01     8.42813E-02    -1.03451E+02
     706     1.89759E+03     3.68188E+01     8.43650E-02    -1.04766E+02
     707     1.90320E+03     3.67113E+01     8.44498E-02    -1.06060E+02
     708     1.90895E+03     3.65983E+01     8.45357E-02    -1.07331E+02
     709     1.91483E+03     3.64801E+01     8.46226E-02    -1.08577E+02
     710     1.92083E+03     3.63566E+01     8.47106E-02    -1.09800E+02
     711     1.92696E+03     3.62279E+01     8.47997E-02    -1.10998E+02
     712     1.93321E+03     3.60940E+01     8.48899E-02    -1.12170E+02
     713     1.93958E+03     3.59549E+01     8.49811E-02    -1.13317E+02
     714     1.94606E+03     3.58109E+01     8.50734E-02    -1.14437E+02
     715     1.95266E+03     3.56619E+01     8.51667E-02    -1.15530E+02
     716     1.95936E+03     3.55078E+01     8.52612E-02    -1.16597E+02
     717     1.96616E+03     3.53488E+01     8.53567E-02    -1.17634E+02
     718     1.97307E+03     3.51850E+01     8.54533E-02    -1.18643E+02
     719     1.98006E+03     3.50164E+01     8.55509E-02    -1.19623E+02
     720     1.98716E+03     3.48432E+01     8.56496E-02    -1.20574E+02
     721     1.99434E+03     3.46654E+01     8.57493E-02    -1.21495E+02
     722     2.00160E+03     3.44831E+01     8.58501E-02    -1.22386E+02
     723     2.00896E+03     3.42966E+01     8.59519E-02    -1.23247E+02
     724     2.01640E+03     3.41059E+01     8.60548E-02    -1.24078E+02
     725     2.02391E+03     3.39110E+01     8.61587E-02    -1.24877E+02
     726     2.03150E+03     3.37121E+01     8.62636E-02    -1.25646E+02
     727     2.03917E+03     3.35092E+01     8.63695E-02    -1.26383E+02
     728     2.04690E+03     3.33025E+01     8.64764E-02    -1.27089E+02
     729     2.05469E+03     3.30920E+01     8.65842E-02    -1.27761E+02
     730     2.06255E+03     3.28778E+01     8.66931E-02    -1.28402E+02
     731     2.07046E+03     3.26600E+01     8.68029E-02    -1.29009E+02
     732     2.07843E+03     3.24387E+01     8.69137E-02    -1.29583E+02
     733     2.08644E+03     3.22140E+01     8.70255E-02    -1.30124E+02
     734     2.09450E+03     3.19859E+01     8.71381E-02    -1.30630E+02
     735     2.10259E+03     3.17547E+01     8.72517E-02    -1.31102E+02
     736     2.11072E+03     3.15204E+01     8.73662E-02    -1.31541E+02
     737     2.11888E+03     3.12831E+01     8.74815E-02    -1.31944E+02
     738     2.12707E+03     3.10429E+01     8.75978E-02    -1.32313E+02
     739     2.13529E+03     3.08000E+01     8.77149E-02    -1.32647E+02
     740     2.14352E+03     3.05544E+01     8.78328E-02    -1.32944E+02
     741     2.15176E+03     3.03064E+01     8.79516E-02    -1.33208E+02
     742     2.16001E+03     3.00559E+01     8.80711E-02    -1.33436E+02
     743     2.16828E+03     2.98032E+01     8.81915E-02    -1.33628E+02
     744     2.17653E+03     2.95483E+01     8.83126E-02    -1.33784E+02
     745     2.18479E+03     2.92914E+01     8.84345E-02    -1.33904E+02
     746     2.19303E+03     2.90326E+01     8.85572E-02    -1.33990E+02
     747     2.20126E+03     2.87721E+01     8.86806E-02    -1.34038E+02
     748     2.20948E+03     2.85098E+01     8.88046E-02    -1.34051E+02
     749     2.21767E+03     2.82460E+01     8.89294E-02    -1.34029E+02
     750     2.22584E+03     2.79808E+01     8.90548E-02    -1.33970E+02
     751     2.23398E+03     2.77141E+01     8.91809E-02    -1.33875E+02
     752     2.24208E+03     2.74463E+01     8.93076E-02    -1.33744E+02
     753     2.25014E+03     2.71774E+01     8.94349E-02    -1.33578E+02
     754     2.25817E+03     2.69074E+01     8.95628E-02    -1.33375E+02
     755     2.26615E+03     2.66366E+01     8.96912E-02    -1.33137E+02
     756     2.27408E+03     2.63652E+01     8.98202E-02    -1.32863E+02
     757     2.28197E+03     2.60932E+01     8.99497E-02    -1.32553E+02
     758     2.28981E+03     2.58207E+01     9.00798E-02    -1.32209E+02
     759     2.29759E+03     2.55480E+01     9.02102E-02    -1.31830E+02
     760     2.30532E+03     2.52751E+01     9.03412E-02    -1.31416E+02
     761     2.31298E+03     2.50022E+01     9.04725E-02    -1.30967E+02
     762     2.32058E+03     2.47293E+01     9.06043E-02    -1.30484E+02
     763     2.32811E+03     2.44567E+01     9.07365E-02    -1.29966E+02
     764     2.33557E+03     2.41843E+01     9.08690E-02    -1.29413E+02
     765     2.34294E+03     2.39123E+01     9.10018E-02    -1.28826E+02
     766     2.35022E+03     2.36409E+01     9.11349E-02    -1.28204E+02
     767     2.35742E+03     2.33701E+01     9.12683E-02    -1.27547E+02
     768     2.36453E+03     2.31000E+01     9.14020E-02    -1.26855E+02
     769     2.37152E+03     2.28309E+01     9.15359E-02    -1.26131E+02
     770     2.37843E+03     2.25628E+01     9.16700E-02    -1.25373E+02
     771     2.38522E+03     2.22959E+01     9.18043E-02    -1.24581E+02
     772     2.39190E+03     2.20304E+01     9.19387E-02    -1.23757E+02
     773     2.39847E+03     2.17663E+01     9.20732E-02    -1.22900E+02
     774     2.40491E+03     2.15037E+01     9.22078E-02    -1.22012E+02
     775     2.41124E+03     2.12429E+01     9.23425E-02    -1.21092E+02
     776     2.41744E+03     2.09840E+01     9.24772E-02    -1.20142E+02
     777     2.42353E+03     2.07270E+01     9.26119E-02    -1.19161E+02
     778     2.42949E+03     2.04720E+01     9.27466E-02    -1.18150E+02
     779     2.43534E+03     2.02192E+01     9.28812E-02    -1.17109E+02
     780     2.44105E+03     1.99688E+01     9.30157E-02    -1.16040E+02
     781     2.44664E+03     1.97206E+01     9.31501E-02    -1.14942E+02
     782     2.45210E+03     1.94749E+01     9.32844E-02    -1.13816E+02
     783     2.45743E+03     1.92319E+01     9.34185E-02    -1.12660E+02
     784     2.46261E+03     1.89915E+01     9.35523E-02    -1.11478E+02
     785     2.46766E+03     1.87539E+01     9.36860E-02    -1.10267E+02
     786     2.47254E+03     1.85191E+01     9.38193E-02    -1.09029E+02
     787     2.47728E+03     1.82873E+01     9.39524E-02    -1.07763E+02
     788     2.48186E+03     1.80586E+01     9.40851E-02    -1.06469E+02
     789     2.48627E+03     1.78331E+01     9.42175E-02    -1.05150E+02
     790     2.49052E+03     1.76109E+01     9.43494E-02    -1.03803E+02
     791     2.49460E+03     1.73922E+01     9.44810E-02    -1.02433E+02
     792     2.49852E+03     1.71772E+01     9.46121E-02    -1.01038E+02
     793     2.50227E+03     1.69659E+01     9.47427E-02    -9.96205E+01
     794     2.50585E+03     1.67585E+01     9.48728E-02    -9.81802E+01
     795     2.50925E+03     1.65552E+01     9.50023E-02    -9.67190E+01
     796     2.51249E+03     1.63559E+01     9.51312E-02    -9.52361E+01
     797     2.51555E+03     1.61607E+01     9.52596E-02    -9.37330E+01
     798     2.51844E+03     1.59697E+01     9.53873E-02    -9.22097E+01
     799     2.52116E+03     1.57829E+01     9.55143E-02    -9.06668E+01
     800     2.52370E+03     1.56005E+01     9.56406E-02    -8.91036E+01
     801     2.52607E+03     1.54224E+01     9.57662E-02    -8.75223E+01
     802     2.52827E+03     1.52485E+01     9.58910E-02    -8.59221E+01
     803     2.53028E+03     1.50793E+01     9.60151E-02    -8.43037E+01
     804     2.53212E+03     1.49145E+01     9.61383E-02    -8.26686E+01
     805     2.53377E+03     1.47546E+01     9.62607E-02    -8.10160E+01
     806     2.53523E+03     1.45994E+01     9.63822E-02    -7.93481E+01
     807     2.53649E+03     1.44492E+01     9.65028E-02    -7.76633E+01
     808     2.53755E+03     1.43040E+01     9.66225E-02    -7.59647E+01
     809     2.53841E+03     1.41639E+01     9.67412E-02    -7.42514E+01
     810     2.53906E+03     1.40291E+01     9.68589E-02    -7.25241E+01
     811     2.53951E+03     1.38995E+01     9.69757E-02    -7.07845E+01
     812     2.53978E+03     1.37751E+01     9.70913E-02    -6.90331E+01
     813     2.53984E+03     1.36560E+01     9.72060E-02    -6.72709E+01
     814     2.53972E+03     1.35422E+01     9.73195E-02    -6.54988E+01
     815     2.53942E+03     1.34337E+01     9.74320E-02    -6.37175E+01
     816     2.53894E+03     1.33306E+01     9.75433E-02    -6.19280E+01
     817     2.53828E+03     1.32330E+01     9.76534E-02    -6.01306E+01
     818     2.53742E+03     1.31409E+01     9.77624E-02    -5.83257E+01
     819     2.53637E+03     1.30543E+01     9.78701E-02    -5.65135E+01
     820     2.53512E+03     1.29734E+01     9.79766E-02    -5.46946E+01
     821     2.53366E+03     1.28982E+01     9.80819E-02    -5.28691E+01
     822     2.53199E+03     1.28287E+01     9.81860E-02    -5.10374E+01
     823     2.53010E+03     1.27649E+01     9.82887E-02    -4.92000E+01
     824     2.52800E+03     1.27071E+01     9.83901E-02    -4.73577E+01
     825     2.52571E+03     1.26550E+01     9.84902E-02    -4.55119E+01
     826     2.52321E+03     1.26088E+01     9.85889E-02    -4.36635E+01
     827     2.52052E+03     1.25685E+01     9.86863E-02    -4.18138E+01
     828     2.51763E+03     1.25340E+01     9.87823E-02    -3.99638E+01
     829     2.51457E+03     1.25054E+01     9.88769E-02    -3.81146E+01
     830     2.51133E+03     1.24828E+01     9.89701E-02    -3.62672E+01
     831     2.50791E+03     1.24660E+01     9.90618E-02    -3.44220E+01
     832     2.50430E+03     1.24552E+01     9.91521E-02    -3.25794E+01
     833     2.50050E+03     1.24504E+01     9.92409E-02    -3.07396E+01
     834     2.49651E+03     1.24516E+01     9.93282E-02    -2.89030E+01
     835     2.49233E+03     1.24588E+01     9.94140E-02    -2.70698E+01
     836     2.48793E+03     1.24720E+01     9.94984E-02    -2.52403E+01
     837     2.48333E+03     1.24913E+01     9.95811E-02    -2.34151E+01
     838     2.47855E+03     1.25167E+01     9.96624E-02    -2.15947E+01
     839     2.47355E+03     1.25480E+01     9.97421E-02    -1.97804E+01
     840     2.46837E+03     1.25854E+01     9.98202E-02    -1.79728E+01
     841     2.46301E+03     1.26286E+01     9.98967E-02    -1.61731E+01
     842     2.45748E+03     1.26777E+01     9.99716E-02    -1.43821E+01
     843     2.45176E+03     1.27327E+01     1.00045E-01    -1.26009E+01
     844     2.44589E+03     1.27934E+01     1.00117E-01    -1.08302E+01
     845     2.43983E+03     1.28599E+01     1.00187E-01    -9.07053E+00
     846     2.43362E+03     1.29322E+01     1.00255E-01    -7.32264E+00
     847     2.42723E+03     1.30104E+01     1.00322E-01    -5.58689E+00
     848     2.42066E+03     1.30945E+01     1.00387E-01    -3.86384E+00
     849     2.41392E+03     1.31844E+01     1.00451E-01    -2.15399E+00
     850     2.40699E+03     1.32801E+01     1.00513E-01    -4.57867E-01
     851     2.39989E+03     1.33819E+01     1.00573E-01     1.22404E+00
     852     2.39262E+03     1.34893E+01     1.00631E-01     2.89126E+00
     853     2.38517E+03     1.36025E+01     1.00688E-01     4.54334E+00
     854     2.37755E+03     1.37213E+01     1.00743E-01     6.17982E+00
     855     2.36978E+03     1.38456E+01     1.00796E-01     7.80026E+00
     856     2.36185E+03     1.39753E+01     1.00848E-01     9.40421E+00
     857     2.35377E+03     1.41102E+01     1.00898E-01     1.09912E+01
     858     2.34556E+03     1.42505E+01     1.00946E-01     1.25608E+01
     859     2.33720E+03     1.43958E+01     1.00993E-01     1.41121E+01
     860     2.32870E+03     1.45464E+01     1.01038E-01     1.56444E+01
     861     2.32006E+03     1.47021E+01     1.01081E-01     1.71568E+01
     862     2.31129E+03     1.48628E+01     1.01122E-01     1.86486E+01
     863     2.30238E+03     1.50288E+01     1.01162E-01     2.01190E+01
     864     2.29334E+03     1.51999E+01     1.01200E-01     2.15670E+01
     865     2.28417E+03     1.53760E+01     1.01236E-01     2.29920E+01
     866     2.27487E+03     1.55571E+01     1.01270E-01     2.43938E+01
     867     2.26544E+03     1.57431E+01     1.01303E-01     2.57723E+01
     868     2.25588E+03     1.59340E+01     1.01334E-01     2.71272E+01
     869     2.24620E+03     1.61295E+01     1.01363E-01     2.84587E+01
     870     2.23639E+03     1.63298E+01     1.01391E-01     2.97664E+01
     871     2.22646E+03     1.65345E+01     1.01417E-01     3.10504E+01
     872     2.21641E+03     1.67437E+01     1.01441E-01     3.23104E+01
     873     2.20625E+03     1.69571E+01     1.01464E-01     3.35459E+01
     874     2.19598E+03     1.71749E+01     1.01485E-01     3.47565E+01
     875     2.18559E+03     1.73968E+01     1.01504E-01     3.59416E+01
     876     2.17511E+03     1.76226E+01     1.01521E-01     3.71009E+01
     877     2.16453E+03     1.78524E+01     1.01537E-01     3.82335E+01
     878     2.15388E+03     1.80859E+01     1.01551E-01     3.93392E+01
     879     2.14312E+03     1.83231E+01     1.01564E-01     4.04174E+01
     880     2.13229E+03     1.85639E+01     1.01575E-01     4.14676E+01
     881     2.12138E+03     1.88082E+01     1.01584E-01     4.24894E+01
     882     2.11039E+03     1.90560E+01     1.01592E-01     4.34823E+01
     883     2.09932E+03     1.93071E+01     1.01598E-01     4.44459E+01
     884     2.08818E+03     1.95615E+01     1.01602E-01     4.53798E+01
     885     2.07696E+03     1.98192E+01     1.01605E-01     4.62835E+01
     886     2.06567E+03     2.00800E+01     1.01607E-01     4.71565E+01
     887     2.05431E+03     2.03439E+01     1.01606E-01     4.79989E+01
     888     2.04288E+03     2.06107E+01     1.01605E-01     4.88105E+01
     889     2.03139E+03     2.08803E+01     1.01602E-01     4.95915E+01
     890     2.01984E+03     2.11526E+01     1.01597E-01     5.03417E+01
     891     2.00824E+03     2.14275E+01     1.01591E-01     5.10611E+01
     892     1.99658E+03     2.17049E+01     1.01583E-01     5.17498E+01
     893     1.98487E+03     2.19847E+01     1.01574E-01     5.24077E+01
     894     1.97313E+03     2.22665E+01     1.01564E-01     5.30348E+01
     895     1.96133E+03     2.25506E+01     1.01552E-01     5.36307E+01
     896     1.94950E+03     2.28366E+01     1.01539E-01     5.41956E+01
     897     1.93763E+03     2.31244E+01     1.01524E-01     5.47292E+01
     898     1.92573E+03     2.34139E+01     1.01508E-01     5.52315E+01
     899     1.91381E+03     2.37049E+01     1.01491E-01     5.57024E+01
     900     1.90186E+03     2.39974E+01     1.01473E-01     5.61416E+01
     901     1.88989E+03     2.42911E+01     1.01453E-01     5.65493E+01
     902     1.87791E+03     2.45860E+01     1.01432E-01     5.69252E+01
     903     1.86592E+03     2.48820E+01     1.01410E-01     5.72692E+01
     904     1.85391E+03     2.51790E+01     1.01386E-01     5.75813E+01
     905     1.84191E+03     2.54767E+01     1.01362E-01     5.78615E+01
     906     1.82990E+03     2.57752E+01     1.01336E-01     5.81095E+01
     907     1.81790E+03     2.60743E+01     1.01309E-01     5.83253E+01
     908     1.80590E+03     2.63738E+01     1.01281E-01     5.85090E+01
     909     1.79391E+03     2.66738E+01     1.01252E-01     5.86606E+01
     910     1.78194E+03     2.69740E+01     1.01222E-01     5.87803E+01
     911     1.76998E+03     2.72744E+01     1.01191E-01     5.88680E+01
     912     1.75804E+03     2.75748E+01     1.01159E-01     5.89240E+01
     913     1.74613E+03     2.78753E+01     1.01125E-01     5.89482E+01
     914     1.73424E+03     2.81755E+01     1.01091E-01     5.89407E+01
     915     1.72238E+03     2.84754E+01     1.01056E-01     5.89016E+01
     916     1.71055E+03     2.87750E+01     1.01020E-01     5.88312E+01
     917     1.69875E+03     2.90739E+01     1.00984E-01     5.87293E+01
     918     1.68699E+03     2.93722E+01     1.00946E-01     5.85964E+01
     919     1.67526E+03     2.96697E+01     1.00908E-01     5.84324E+01
     920     1.66358E+03     2.99663E+01     1.00868E-01     5.82375E+01
     921     1.65194E+03     3.02619E+01     1.00828E-01     5.80118E+01
     922     1.64035E+03     3.05562E+01     1.00788E-01     5.77556E+01
     923     1.62881E+03     3.08493E+01     1.00746E-01     5.74693E+01
     924     1.61732E+03     3.11411E+01     1.00704E-01     5.71532E+01
     925     1.60589E+03     3.14313E+01     1.00661E-01     5.68076E+01
     926     1.59452E+03     3.17199E+01     1.00618E-01     5.64328E+01
     927     1.58322E+03     3.20067E+01     1.00574E-01     5.60293E+01
     928     1.57198E+03     3.22918E+01     1.00529E-01     5.55972E+01
     929     1.56082E+03     3.25749E+01     1.00484E-01     5.51369E+01
     930     1.54973E+03     3.28559E+01     1.00438E-01     5.46486E+01
     931     1.53870E+03     3.31348E+01     1.00392E-01     5.41327E+01
     932     1.52777E+03     3.34113E+01     1.00345E-01     5.35892E+01
     933     1.51691E+03     3.36855E+01     1.00298E-01     5.30186E+01
     934     1.50613E+03     3.39570E+01     1.00250E-01     5.24210E+01
     935     1.49544E+03     3.42259E+01     1.00202E-01     5.17967E+01
     936     1.48483E+03     3.44919E+01     1.00154E-01     5.11461E+01
     937     1.47432E+03     3.47551E+01     1.00105E-01     5.04696E+01
     938     1.46389E+03     3.50153E+01     1.00056E-01     4.97674E+01
     939     1.45356E+03     3.52724E+01     1.00007E-01     4.90399E+01
     940     1.44332E+03     3.55262E+01     9.99575E-02     4.82876E+01
     941     1.43319E+03     3.57767E+01     9.99078E-02     4.75107E+01
     942     1.42316E+03     3.60238E+01     9.98579E-02     4.67096E+01
     943     1.41322E+03     3.62673E+01     9.98078E-02     4.58847E+01
     944     1.40340E+03     3.65072E+01     9.97575E-02     4.50366E+01
     945     1.39368E+03     3.67435E+01     9.97072E-02     4.41655E+01
     946     1.38407E+03     3.69759E+01     9.96568E-02     4.32720E+01
     947     1.37457E+03     3.72044E+01     9.96063E-02     4.23566E+01
     948     1.36519E+03     3.74290E+01     9.95558E-02     4.14196E+01
     949     1.35592E+03     3.76496E+01     9.95053E-02     4.04615E+01
     950     1.34677E+03     3.78659E+01     9.94548E-02     3.94828E+01
     951     1.33774E+03     3.80780E+01     9.94043E-02     3.84838E+01
     952     1.32882E+03     3.82858E+01     9.93540E-02     3.74651E+01
     953     1.32003E+03     3.84892E+01     9.93037E-02     3.64270E+01
     954     1.31136E+03     3.86880E+01     9.92536E-02     3.53701E+01
     955     1.30282E+03     3.88822E+01     9.92036E-02     3.42948E+01
     956     1.29440E+03     3.90718E+01     9.91539E-02     3.32015E+01
     957     1.28611E+03     3.92565E+01     9.91043E-02     3.20907E+01
     958     1.27795E+03     3.94365E+01     9.90550E-02     3.09632E+01
     959     1.26991E+03     3.96117E+01     9.90059E-02     2.98195E+01
     960     1.26201E+03     3.97820E+01     9.89572E-02     2.86602E+01
     961     1.25425E+03     3.99473E+01     9.89087E-02     2.74859E+01
     962     1.24662E+03     4.01077E+01     9.88606E-02     2.62972E+01
     963     1.23912E+03     4.02631E+01     9.88129E-02     2.50949E+01
     964     1.23177E+03     4.04134E+01     9.87655E-02     2.38792E+01
     965     1.22455E+03     4.05586E+01     9.87186E-02     2.26507E+01
     966     1.21746E+03     4.06986E+01     9.86721E-02     2.14100E+01
     967     1.21052E+03     4.08333E+01     9.86261E-02     2.01575E+01
     968     1.20372E+03     4.09627E+01     9.85805E-02     1.88939E+01
     969     1.19705E+03     4.10867E+01     9.85355E-02     1.76196E+01
     970     1.19054E+03     4.12052E+01     9.84910E-02     1.63351E+01
     971     1.18415E+03     4.13183E+01     9.84470E-02     1.50410E+01
     972     1.17791E+03     4.14259E+01     9.84037E-02     1.37380E+01
     973     1.17181E+03     4.15279E+01     9.83609E-02     1.24264E+01
     974     1.16587E+03     4.16244E+01     9.83188E-02     1.11069E+01
     975     1.16005E+03     4.17152E+01     9.82772E-02     9.78024E+00
     976     1.15438E+03     4.18004E+01     9.82364E-02     8.44675E+00
     977     1.14886E+03     4.18799E+01     9.81962E-02     7.10720E+00
     978     1.14348E+03     4.19538E+01     9.81567E-02     5.76199E+00
     979     1.13824E+03     4.20220E+01     9.81180E-02     4.41175E+00
     980     1.13315E+03     4.20844E+01     9.80800E-02     3.05700E+00
     981     1.12821E+03     4.21412E+01     9.80427E-02     1.69826E+00
     982     1.12340E+03     4.21922E+01     9.80062E-02     3.36088E-01
     983     1.11874E+03     4.22376E+01     9.79705E-02    -1.02898E+00
     984     1.11422E+03     4.22772E+01     9.79356E-02    -2.39643E+00
     985     1.10985E+03     4.23110E+01     9.79015E-02    -3.76576E+00
     986     1.10561E+03     4.23390E+01     9.78682E-02    -5.13650E+00
     987     1.10153E+03     4.23612E+01     9.78358E-02    -6.50817E+00
     988     1.09759E+03     4.23776E+01     9.78042E-02    -7.88031E+00
     989     1.09378E+03     4.23881E+01     9.77735E-02    -9.25244E+00
     990     1.09012E+03     4.23927E+01     9.77437E-02    -1.06240E+01
     991     1.08660E+03     4.23914E+01     9.77148E-02    -1.19947E+01
     992     1.08323E+03     4.23842E+01     9.76868E-02    -1.33638E+01
     993     1.07999E+03     4.23711E+01     9.76597E-02    -1.47307E+01
     994     1.07690E+03     4.23522E+01     9.76335E-02    -1.60949E+01
     995     1.07395E+03     4.23275E+01     9.76083E-02    -1.74557E+01
     996     1.07113E+03     4.22969E+01     9.75840E-02    -1.88127E+01
     997     1.06846E+03     4.22605E+01     9.75607E-02    -2.01651E+01
     998     1.06592E+03     4.22182E+01     9.75383E-02    -2.15125E+01
     999     1.06352E+03     4.21702E+01     9.75169E-02    -2.28540E+01
    1000     1.06126E+03     4.21164E+01     9.74965E-02    -2.41892E+01
    1001     1.05913E+03     4.20569E+01     9.74771E-02    -2.55173E+01
    1002     1.05714E+03     4.19915E+01     9.74586E-02    -2.68377E+01
    1003     1.05527E+03     4.19203E+01     9.74412E-02    -2.81497E+01
    1004     1.05354E+03     4.18433E+01     9.74248E-02    -2.94527E+01
    1005     1.05193E+03     4.17605E+01     9.74093E-02    -3.07460E+01
    1006     1.05045E+03     4.16721E+01     9.73949E-02    -3.20294E+01
    1007     1.04909E+03     4.15781E+01     9.73815E-02    -3.33024E+01
    1008     1.04786E+03     4.14788E+01     9.73691E-02    -3.45651E+01
    1009     1.04675E+03     4.13743E+01     9.73577E-02    -3.58170E+01
    1010     1.04576E+03     4.12648E+01     9.73473E-02    -3.70579E+01
    1011     1.04489E+03     4.11504E+01     9.73380E-02    -3.82875E+01
    1012     1.04414E+03     4.10311E+01     9.73296E-02    -3.95055E+01
    1013     1.04350E+03     4.09070E+01     9.73223E-02    -4.07116E+01
    1014     1.04298E+03     4.07781E+01     9.73160E-02    -4.19054E+01
    1015     1.04257E+03     4.06441E+01     9.73108E-02    -4.30864E+01
    1016     1.04228E+03     4.05052E+01     9.73065E-02    -4.42543E+01
    1017     1.04212E+03     4.03612E+01     9.73033E-02    -4.54087E+01
    1018     1.04205E+03     4.02120E+01     9.73010E-02    -4.65491E+01
    1019     1.04210E+03     4.00578E+01     9.72998E-02    -4.76751E+01
    1020     1.04227E+03     3.98983E+01     9.72996E-02    -4.87861E+01
    1021     1.04253E+03     3.97341E+01     9.73005E-02    -4.98815E+01
    1022     1.04291E+03     3.95650E+01     9.73023E-02    -5.09606E+01
    1023     1.04338E+03     3.93914E+01     9.73051E-02    -5.20226E+01
    1024     1.04395E+03     3.92133E+01     9.73089E-02    -5.30671E+01
    1025     1.04461E+03     3.90310E+01     9.73137E-02    -5.40932E+01
    1026     1.04537E+03     3.88446E+01     9.73194E-02    -5.51005E+01
    1027     1.04621E+03     3.86540E+01     9.73262E-02    -5.60890E+01
    1028     1.04714E+03     3.84594E+01     9.73339E-02    -5.70587E+01
    1029     1.04817E+03     3.82609E+01     9.73426E-02    -5.80098E+01
    1030     1.04927E+03     3.80584E+01     9.73522E-02    -5.89424E+01
    1031     1.05047E+03     3.78521E+01     9.73628E-02    -5.98566E+01
    1032     1.05175E+03     3.76420E+01     9.73743E-02    -6.07524E+01
    1033     1.05312E+03     3.74281E+01     9.73868E-02    -6.16301E+01
    1034     1.05457E+03     3.72105E+01     9.74002E-02    -6.24889E+01
    1035     1.05610E+03     3.69894E+01     9.74145E-02    -6.33284E+01
    1036     1.05771E+03     3.67650E+01     9.74296E-02    -6.41478E+01
    1037     1.05938E+03     3.65372E+01     9.74457E-02    -6.49467E+01
    1038     1.06114E+03     3.63063E+01     9.74627E-02    -6.57245E+01
    1039     1.06295E+03     3.60724E+01     9.74805E-02    -6.64806E+01
    1040     1.06483E+03     3.58355E+01     9.74992E-02    -6.72143E+01
    1041     1.06677E+03     3.55958E+01     9.75187E-02    -6.79258E+01
    1042     1.06877E+03     3.53532E+01     9.75391E-02    -6.86148E+01
    1043     1.07082E+03     3.51078E+01     9.75603E-02    -6.92811E+01
    1044     1.07293E+03     3.48595E+01     9.75823E-02    -6.99255E+01
    1045     1.07510E+03     3.46083E+01     9.76050E-02    -7.05471E+01
    1046     1.07732E+03     3.43545E+01     9.76286E-02    -7.11468E+01
    1047     1.07959E+03     3.40977E+01     9.76529E-02    -7.17239E+01
    1048     1.08191E+03     3.38384E+01     9.76779E-02    -7.22783E+01
    1049     1.08428E+03     3.35767E+01     9.77037E-02    -7.28093E+01
    1050     1.08670E+03     3.33127E+01     9.77302E-02    -7.33185E+01
    1051     1.08915E+03     3.30468E+01     9.77574E-02    -7.38052E+01
    1052     1.09164E+03     3.27789E+01     9.77853E-02    -7.42687E+01
    1053     1.09417E+03     3.25094E+01     9.78138E-02    -7.47089E+01
    1054     1.09674E+03     3.22385E+01     9.78430E-02    -7.51259E+01
    1055     1.09933E+03     3.19662E+01     9.78728E-02    -7.55205E+01
    1056     1.10196E+03     3.16925E+01     9.79032E-02    -7.58919E+01
    1057     1.10461E+03     3.14177E+01     9.79342E-02    -7.62395E+01
    1058     1.10729E+03     3.11417E+01     9.79657E-02    -7.65646E+01
    1059     1.10998E+03     3.08647E+01     9.79978E-02    -7.68660E+01
    1060     1.11270E+03     3.05868E+01     9.80305E-02    -7.71435E+01
    1061     1.11544E+03     3.03080E+01     9.80636E-02    -7.73987E+01
    1062     1.11820E+03     3.00284E+01     9.80972E-02    -7.76293E+01
    1063     1.12097E+03     2.97481E+01     9.81313E-02    -7.78377E+01
    1064     1.12375E+03     2.94673E+01     9.81659E-02    -7.80223E+01
    1065     1.12654E+03     2.91859E+01     9.82008E-02    -7.81831E+01
    1066     1.12934E+03     2.89042E+01     9.82362E-02    -7.83217E+01
    1067     1.13214E+03     2.86222E+01     9.82720E-02    -7.84366E+01
    1068     1.13495E+03     2.83400E+01     9.83081E-02    -7.85285E+01
    1069     1.13776E+03     2.80578E+01     9.83445E-02    -7.85974E+01
    1070     1.14057E+03     2.77756E+01     9.83813E-02    -7.86433E+01
    1071     1.14337E+03     2.74935E+01     9.84183E-02    -7.86663E+01
    1072     1.14617E+03     2.72117E+01     9.84556E-02    -7.86671E+01
    1073     1.14896E+03     2.69303E+01     9.84932E-02    -7.86448E+01
    1074     1.15174E+03     2.66494E+01     9.85309E-02    -7.86004E+01
    1075     1.15450E+03     2.63692E+01     9.85689E-02    -7.85337E+01
    1076     1.15726E+03     2.60897E+01     9.86071E-02    -7.84441E+01
    1077     1.16000E+03     2.58109E+01     9.86454E-02    -7.83330E+01
    1078     1.16272E+03     2.55331E+01     9.86838E-02    -7.82004E+01
    1079     1.16542E+03     2.52564E+01     9.87223E-02    -7.80455E+01
    1080     1.16811E+03     2.49807E+01     9.87609E-02    -7.78699E+01
    1081     1.17076E+03     2.47064E+01     9.87996E-02    -7.76721E+01
    1082     1.17339E+03     2.44333E+01     9.88383E-02    -7.74534E+01
    1083     1.17599E+03     2.41616E+01     9.88771E-02    -7.72140E+01
    1084     1.17857E+03     2.38916E+01     9.89158E-02    -7.69537E+01
    1085     1.18111E+03     2.36231E+01     9.89544E-02    -7.66734E+01
    1086     1.18362E+03     2.33563E+01     9.89931E-02    -7.63715E+01
    1087     1.18610E+03     2.30912E+01     9.90316E-02    -7.60502E+01
    1088     1.18853E+03     2.28281E+01     9.90700E-02    -7.57088E+01
    1089     1.19093E+03     2.25670E+01     9.91083E-02    -7.53472E+01
    1090     1.19328E+03     2.23079E+01     9.91465E-02    -7.49662E+01
    1091     1.19560E+03     2.20510E+01     9.91844E-02    -7.45665E+01
    1092     1.19787E+03     2.17963E+01     9.92222E-02    -7.41474E+01
    1093     1.20009E+03     2.15441E+01     9.92598E-02    -7.37102E+01
    1094     1.20227E+03     2.12943E+01     9.92971E-02    -7.32543E+01
    1095     1.20440E+03     2.10471E+01     9.93342E-02    -7.27810E+01
    1096     1.20648E+03     2.08025E+01     9.93709E-02    -7.22896E+01
    1097     1.20851E+03     2.05607E+01     9.94074E-02    -7.17809E+01
    1098     1.21049E+03     2.03217E+01     9.94435E-02    -7.12555E+01
    1099     1.21241E+03     2.00857E+01     9.94793E-02    -7.07134E+01
    1100     1.21429E+03     1.98527E+01     9.95147E-02    -7.01554E+01
    1101     1.21609E+03     1.96226E+01     9.95497E-02    -6.95805E+01
    1102     1.21785E+03     1.93956E+01     9.95843E-02    -6.89904E+01
    1103     1.21954E+03     1.91719E+01     9.96185E-02    -6.83842E+01
    1104     1.22118E+03     1.89515E+01     9.96522E-02    -6.77632E+01
    1105     1.22275E+03     1.87344E+01     9.96854E-02    -6.71275E+01
    1106     1.22426E+03     1.85206E+01     9.97182E-02    -6.64774E+01
    1107     1.22571E+03     1.83104E+01     9.97504E-02    -6.58132E+01
    1108     1.22708E+03     1.81036E+01     9.97820E-02    -6.51355E+01
    1109     1.22840E+03     1.79006E+01     9.98132E-02    -6.44445E+01
    1110     1.22965E+03     1.77012E+01     9.98437E-02    -6.37406E+01
    1111     1.23083E+03     1.75056E+01     9.98736E-02    -6.30242E+01
    1112     1.23194E+03     1.73137E+01     9.99030E-02    -6.22956E+01
    1113     1.23298E+03     1.71257E+01     9.99317E-02    -6.15554E+01
    1114     1.23396E+03     1.69417E+01     9.99597E-02    -6.08037E+01
    1115     1.23486E+03     1.67616E+01     9.99871E-02    -6.00411E+01
    1116     1.23569E+03     1.65856E+01     1.00014E-01    -5.92680E+01
    1117     1.23645E+03     1.64136E+01     1.00040E-01    -5.84847E+01
    1118     1.23713E+03     1.62458E+01     1.00065E-01    -5.76915E+01
    1119     1.23774E+03     1.60823E+01     1.00089E-01    -5.68890E+01
    1120     1.23827E+03     1.59228E+01     1.00113E-01    -5.60774E+01
    1121     1.23873E+03     1.57677E+01     1.00136E-01    -5.52572E+01
    1122     1.23912E+03     1.56169E+01     1.00158E-01    -5.44287E+01
    1123     1.23942E+03     1.54704E+01     1.00180E-01    -5.35924E+01
    1124     1.23965E+03     1.53284E+01     1.00200E-01    -5.27485E+01
    1125     1.23980E+03     1.51908E+01     1.00220E-01    -5.18976E+01
    1126     1.23987E+03     1.50576E+01     1.00239E-01    -5.10400E+01
    1127     1.23986E+03     1.49290E+01     1.00257E-01    -5.01764E+01
    1128     1.23978E+03     1.48049E+01     1.00274E-01    -4.93070E+01
    1129     1.23961E+03     1.46855E+01     1.00290E-01    -4.84324E+01
    1130     1.23938E+03     1.45706E+01     1.00305E-01    -4.75530E+01
    1131     1.23905E+03     1.44603E+01     1.00319E-01    -4.66692E+01
    1132     1.23866E+03     1.43547E+01     1.00333E-01    -4.57814E+01
    1133     1.23818E+03     1.42539E+01     1.00345E-01    -4.48901E+01
    1134     1.23762E+03     1.41577E+01     1.00356E-01    -4.39956E+01
    1135     1.23699E+03     1.40662E+01     1.00367E-01    -4.30984E+01
    1136     1.23627E+03     1.39795E+01     1.00376E-01    -4.21986E+01
    1137     1.23548E+03     1.38975E+01     1.00385E-01    -4.12969E+01
    1138     1.23461E+03     1.38203E+01     1.00392E-01    -4.03936E+01
    1139     1.23366E+03     1.37478E+01     1.00398E-01    -3.94891E+01
    1140     1.23262E+03     1.36801E+01     1.00404E-01    -3.85837E+01
    1141     1.23151E+03     1.36171E+01     1.00408E-01    -3.76781E+01
    1142     1.23032E+03     1.35589E+01     1.00411E-01    -3.67725E+01
    1143     1.22905E+03     1.35056E+01     1.00413E-01    -3.58673E+01
    1144     1.22769E+03     1.34570E+01     1.00414E-01    -3.49631E+01
    1145     1.22626E+03     1.34132E+01     1.00414E-01    -3.40601E+01
    1146     1.22476E+03     1.33741E+01     1.00413E-01    -3.31588E+01
    1147     1.22318E+03     1.33399E+01     1.00411E-01    -3.22596E+01
    1148     1.22151E+03     1.33104E+01     1.00407E-01    -3.13629E+01
    1149     1.21977E+03     1.32856E+01     1.00403E-01    -3.04690E+01
    1150     1.21796E+03     1.32656E+01     1.00397E-01    -2.95783E+01
    1151     1.21606E+03     1.32503E+01     1.00390E-01    -2.86912E+01
    1152     1.21409E+03     1.32396E+01     1.00382E-01    -2.78081E+01
    1153     1.21205E+03     1.32337E+01     1.00373E-01    -2.69294E+01
    1154     1.20993E+03     1.32325E+01     1.00363E-01    -2.60554E+01
    1155     1.20774E+03     1.32358E+01     1.00352E-01    -2.51865E+01
    1156     1.20547E+03     1.32438E+01     1.00339E-01    -2.43232E+01
    1157     1.20313E+03     1.32564E+01     1.00326E-01    -2.34657E+01
    1158     1.20073E+03     1.32736E+01     1.00311E-01    -2.26145E+01
    1159     1.19825E+03     1.32952E+01     1.00295E-01    -2.17700E+01
    1160     1.19571E+03     1.33214E+01     1.00277E-01    -2.09324E+01
    1161     1.19309E+03     1.33520E+01     1.00259E-01    -2.01022E+01
    1162     1.19042E+03     1.33871E+01     1.00239E-01    -1.92795E+01
    1163     1.18767E+03     1.34266E+01     1.00219E-01    -1.84648E+01
    1164     1.18486E+03     1.34704E+01     1.00197E-01    -1.76584E+01
    1165     1.18199E+03     1.35186E+01     1.00174E-01    -1.68607E+01
    1166     1.17905E+03     1.35710E+01     1.00150E-01    -1.60718E+01
    1167     1.17605E+03     1.36277E+01     1.00124E-01    -1.52923E+01
    1168     1.17298E+03     1.36885E+01     1.00098E-01    -1.45223E+01
    1169     1.16986E+03     1.37536E+01     1.00070E-01    -1.37621E+01
    1170     1.16668E+03     1.38226E+01     1.00041E-01    -1.30121E+01
    1171     1.16344E+03     1.38957E+01     1.00011E-01    -1.22726E+01
    1172     1.16014E+03     1.39729E+01     9.99800E-02    -1.15438E+01
    1173     1.15679E+03     1.40539E+01     9.99477E-02    -1.08261E+01
    1174     1.15338E+03     1.41389E+01     9.99142E-02    -1.01199E+01
    1175     1.14992E+03     1.42278E+01     9.98796E-02    -9.42513E+00
    1176     1.14641E+03     1.43203E+01     9.98439E-02    -8.74228E+00
    1177     1.14284E+03     1.44166E+01     9.98071E-02    -8.07153E+00
    1178     1.13922E+03     1.45166E+01     9.97692E-02    -7.41315E+00
    1179     1.13556E+03     1.46202E+01     9.97301E-02    -6.76739E+00
    1180     1.13185E+03     1.47273E+01     9.96900E-02    -6.13451E+00
    1181     1.12809E+03     1.48378E+01     9.96487E-02    -5.51475E+00
    1182     1.12429E+03     1.49518E+01     9.96064E-02    -4.90832E+00
    1183     1.12044E+03     1.50691E+01     9.95630E-02    -4.31546E+00
    1184     1.11655E+03     1.51898E+01     9.95185E-02    -3.73638E+00
    1185     1.11262E+03     1.53135E+01     9.94730E-02    -3.17132E+00
    1186     1.10864E+03     1.54405E+01     9.94264E-02    -2.62051E+00
    1187     1.10463E+03     1.55705E+01     9.93788E-02    -2.08416E+00
    1188     1.10058E+03     1.57035E+01     9.93301E-02    -1.56244E+00
    1189     1.09649E+03     1.58394E+01     9.92805E-02    -1.05552E+00
    1190     1.09236E+03     1.59782E+01     9.92298E-02    -5.63554E-01
    1191     1.08821E+03     1.61196E+01     9.91782E-02    -8.66982E-02
    1192     1.08402E+03     1.62639E+01     9.91255E-02     3.74876E-01
    1193     1.07980E+03     1.64107E+01     9.90719E-02     8.21023E-01
    1194     1.07556E+03     1.65601E+01     9.90173E-02     1.25157E+00
    1195     1.07128E+03     1.67119E+01     9.89618E-02     1.66640E+00
    1196     1.06698E+03     1.68661E+01     9.89053E-02     2.06540E+00
    1197     1.06265E+03     1.70226E+01     9.88480E-02     2.44844E+00
    1198     1.05831E+03     1.71813E+01     9.87897E-02     2.81543E+00
    1199     1.05394E+03     1.73422E+01     9.87305E-02     3.16616E+00
    1200     1.04955E+03     1.75050E+01     9.86704E-02     3.50065E+00
    1201     1.04514E+03     1.76699E+01     9.86095E-02     3.81866E+00
    1202     1.04071E+03     1.78367E+01     9.85477E-02     4.12026E+00
    1203     1.03627E+03     1.80052E+01     9.84851E-02     4.40528E+00
    1204     1.03181E+03     1.81755E+01     9.84216E-02     4.67373E+00
    1205     1.02734E+03     1.83474E+01     9.83573E-02     4.92549E+00
    1206     1.02285E+03     1.85209E+01     9.82923E-02     5.16059E+00
    1207     1.01836E+03     1.86958E+01     9.82264E-02     5.37896E+00
    1208     1.01386E+03     1.88722E+01     9.81598E-02     5.58049E+00
    1209     1.00936E+03     1.90498E+01     9.80924E-02     5.76528E+00
    1210     1.00484E+03     1.92286E+01     9.80243E-02     5.93317E+00
    1211     1.00032E+03     1.94085E+01     9.79555E-02     6.08436E+00
    1212     9.95804E+02     1.95895E+01     9.78860E-02     6.21876E+00
    1213     9.91282E+02     1.97715E+01     9.78158E-02     6.33634E+00
    1214     9.86761E+02     1.99544E+01     9.77449E-02     6.43709E+00
    1215     9.82250E+02     2.01380E+01     9.76734E-02     6.52111E+00
    1216     9.77733E+02     2.03223E+01     9.76012E-02     6.58833E+00
    1217     9.73224E+02     2.05072E+01     9.75284E-02     6.63884E+00
    1218     9.68724E+02     2.06927E+01     9.74550E-02     6.67264E+00
    1219     9.64231E+02     2.08786E+01     9.73810E-02     6.68966E+00
    1220     9.59740E+02     2.10648E+01     9.73065E-02     6.69015E+00
    1221     9.55270E+02     2.12512E+01     9.72314E-02     6.67386E+00
    1222     9.50801E+02     2.14379E+01     9.71558E-02     6.64105E+00
    1223     9.46354E+02     2.16245E+01     9.70797E-02     6.59177E+00
    1224     9.41913E+02     2.18112E+01     9.70030E-02     6.52602E+00
    1225     9.37494E+02     2.19978E+01     9.69259E-02     6.44412E+00
    1226     9.33089E+02     2.21843E+01     9.68484E-02     6.34605E+00
    1227     9.28705E+02     2.23704E+01     9.67704E-02     6.23188E+00
    1228     9.24341E+02     2.25563E+01     9.66919E-02     6.10191E+00
    1229     9.20005E+02     2.27417E+01     9.66131E-02     5.95612E+00
    1230     9.15689E+02     2.29267E+01     9.65339E-02     5.79467E+00
    1231     9.11394E+02     2.31111E+01     9.64544E-02     5.61762E+00
    1232     9.07125E+02     2.32949E+01     9.63744E-02     5.42525E+00
    1233     9.02891E+02     2.34778E+01     9.62942E-02     5.21749E+00
    1234     8.98676E+02     2.36600E+01     9.62137E-02     4.99460E+00
    1235     8.94495E+02     2.38412E+01     9.61329E-02     4.75659E+00
    1236     8.90339E+02     2.40214E+01     9.60518E-02     4.50366E+00
    1237     8.86217E+02     2.42005E+01     9.59704E-02     4.23593E+00
    1238     8.82128E+02     2.43785E+01     9.58889E-02     3.95363E+00
    1239     8.78072E+02     2.45552E+01     9.58071E-02     3.65687E+00
    1240     8.74049E+02     2.47305E+01     9.57251E-02     3.34586E+00
    1241     8.70065E+02     2.49045E+01     9.56430E-02     3.02080E+00
    1242     8.66121E+02     2.50770E+01     9.55607E-02     2.68190E+00
    1243     8.62209E+02     2.52479E+01     9.54783E-02     2.32927E+00
    1244     8.58335E+02     2.54172E+01     9.53958E-02     1.96305E+00
    1245     8.54501E+02     2.55847E+01     9.53132E-02     1.58355E+00
    1246     8.50712E+02     2.57505E+01     9.52306E-02     1.19094E+00
    1247     8.46962E+02     2.59143E+01     9.51478E-02     7.85406E-01
    1248     8.43258E+02     2.60763E+01     9.50651E-02     3.67145E-01
    1249     8.39591E+02     2.62361E+01     9.49823E-02    -6.36499E-02
    1250     8.35977E+02     2.63939E+01     9.48996E-02    -5.06757E-01
    1251     8.32401E+02     2.65495E+01     9.48168E-02    -9.61927E-01
    1252     8.28869E+02     2.67029E+01     9.47342E-02    -1.42888E+00
    1253     8.25390E+02     2.68540E+01     9.46515E-02    -1.90734E+00
    1254     8.21954E+02     2.70028E+01     9.45690E-02    -2.39705E+00
    1255     8.18570E+02     2.71492E+01     9.44865E-02    -2.89772E+00
    1256     8.15238E+02     2.72931E+01     9.44042E-02    -3.40908E+00
    1257     8.11957E+02     2.74345E+01     9.43220E-02    -3.93088E+00
    1258     8.08727E+02     2.75735E+01     9.42400E-02    -4.46283E+00
    1259     8.05540E+02     2.77098E+01     9.41581E-02    -5.00468E+00
    1260     8.02418E+02     2.78435E+01     9.40765E-02    -5.55615E+00
    1261     7.99340E+02     2.79744E+01     9.39950E-02    -6.11699E+00
    1262     7.96320E+02     2.81025E+01     9.39137E-02    -6.68692E+00
    1263     7.93357E+02     2.82278E+01     9.38327E-02    -7.26569E+00
    1264     7.90444E+02     2.83502E+01     9.37520E-02    -7.85302E+00
    1265     7.87588E+02     2.84697E+01     9.36715E-02    -8.44863E+00
    1266     7.84782E+02     2.85861E+01     9.35913E-02    -9.05220E+00
    1267     7.82040E+02     2.86996E+01     9.35114E-02    -9.66344E+00
    1268     7.79355E+02     2.88100E+01     9.34318E-02    -1.02820E+01
    1269     7.76727E+02     2.89173E+01     9.33526E-02    -1.09077E+01
    1270     7.74156E+02     2.90214E+01     9.32737E-02    -1.15402E+01
    1271     7.71640E+02     2.91224E+01     9.31952E-02    -1.21791E+01
    1272     7.69189E+02     2.92200E+01     9.31170E-02    -1.28242E+01
    1273     7.66794E+02     2.93144E+01     9.30392E-02    -1.34751E+01
    1274     7.64454E+02     2.94055E+01     9.29619E-02    -1.41316E+01
    1275     7.62177E+02     2.94933E+01     9.28849E-02    -1.47933E+01
    1276     7.59960E+02     2.95777E+01     9.28084E-02    -1.54601E+01
    1277     7.57804E+02     2.96588E+01     9.27324E-02    -1.61314E+01
    1278     7.55707E+02     2.97364E+01     9.26567E-02    -1.68071E+01
    1279     7.53671E+02     2.98104E+01     9.25816E-02    -1.74868E+01
    1280     7.51696E+02     2.98811E+01     9.25069E-02    -1.81703E+01
    1281     7.49781E+02     2.99481E+01     9.24328E-02    -1.88572E+01
    1282     7.47926E+02     3.00116E+01     9.23591E-02    -1.95472E+01
    1283     7.46133E+02     3.00715E+01     9.22859E-02    -2.02400E+01
    1284     7.44400E+02     3.01276E+01     9.22133E-02    -2.09353E+01
    1285     7.42728E+02     3.01801E+01     9.21412E-02    -2.16329E+01
    1286     7.41116E+02     3.02290E+01     9.20697E-02    -2.23323E+01
    1287     7.39566E+02     3.02742E+01     9.19987E-02    -2.30333E+01
    1288     7.38075E+02     3.03156E+01     9.19282E-02    -2.37355E+01
    1289     7.36645E+02     3.03533E+01     9.18584E-02    -2.44387E+01
    1290     7.35277E+02     3.03873E+01     9.17891E-02    -2.51425E+01
    1291     7.33969E+02     3.04176E+01     9.17204E-02    -2.58465E+01
    1292     7.32721E+02     3.04443E+01     9.16523E-02    -2.65506E+01
    1293     7.31534E+02     3.04672E+01     9.15849E-02    -2.72543E+01
    1294     7.30407E+02     3.04863E+01     9.15180E-02    -2.79575E+01
    1295     7.29339E+02     3.05017E+01     9.14518E-02    -2.86597E+01
    1296     7.28331E+02     3.05134E+01     9.13862E-02    -2.93607E+01
    1297     7.27382E+02     3.05213E+01     9.13212E-02    -3.00602E+01
    1298     7.26492E+02     3.05254E+01     9.12569E-02    -3.07578E+01
    1299     7.25660E+02     3.05257E+01     9.11932E-02    -3.14534E+01
    1300     7.24887E+02     3.05223E+01     9.11302E-02    -3.21466E+01
    1301     7.24171E+02     3.05150E+01     9.10678E-02    -3.28372E+01
    1302     7.23512E+02     3.05040E+01     9.10061E-02    -3.35246E+01
    1303     7.22910E+02     3.04893E+01     9.09451E-02    -3.42090E+01
    1304     7.22364E+02     3.04708E+01     9.08848E-02    -3.48897E+01
    1305     7.21875E+02     3.04486E+01     9.08251E-02    -3.55667E+01
    1306     7.21441E+02     3.04228E+01     9.07662E-02    -3.62395E+01
    1307     7.21062E+02     3.03932E+01     9.07079E-02    -3.69079E+01
    1308     7.20738E+02     3.03600E+01     9.06503E-02    -3.75717E+01
    1309     7.20468E+02     3.03231E+01     9.05934E-02    -3.82306E+01
    1310     7.20250E+02     3.02826E+01     9.05372E-02    -3.88841E+01
    1311     7.20085E+02     3.02384E+01     9.04817E-02    -3.95322E+01
    1312     7.19973E+02     3.01906E+01     9.04269E-02    -4.01745E+01
    1313     7.19911E+02     3.01392E+01     9.03729E-02    -4.08107E+01
    1314     7.19900E+02     3.00842E+01     9.03195E-02    -4.14408E+01
    1315     7.19939E+02     3.00257E+01     9.02668E-02    -4.20641E+01
    1316     7.20028E+02     2.99636E+01     9.02149E-02    -4.26807E+01
    1317     7.20165E+02     2.98982E+01     9.01637E-02    -4.32903E+01
    1318     7.20350E+02     2.98293E+01     9.01131E-02    -4.38927E+01
    1319     7.20582E+02     2.97571E+01     9.00633E-02    -4.44874E+01
    1320     7.20861E+02     2.96816E+01     9.00142E-02    -4.50745E+01
    1321     7.21185E+02     2.96028E+01     8.99659E-02    -4.56535E+01
    1322     7.21555E+02     2.95207E+01     8.99182E-02    -4.62244E+01
    1323     7.21969E+02     2.94355E+01     8.98712E-02    -4.67868E+01
    1324     7.22426E+02     2.93470E+01     8.98250E-02    -4.73405E+01
    1325     7.22925E+02     2.92554E+01     8.97794E-02    -4.78853E+01
    1326     7.23465E+02     2.91607E+01     8.97345E-02    -4.84210E+01
    1327     7.24047E+02     2.90628E+01     8.96904E-02    -4.89475E+01
    1328     7.24668E+02     2.89619E+01     8.96469E-02    -4.94644E+01
    1329     7.25328E+02     2.88580E+01     8.96042E-02    -4.99715E+01
    1330     7.26026E+02     2.87512E+01     8.95621E-02    -5.04687E+01
    1331     7.26761E+02     2.86414E+01     8.95207E-02    -5.09559E+01
    1332     7.27532E+02     2.85288E+01     8.94800E-02    -5.14328E+01
    1333     7.28338E+02     2.84133E+01     8.94399E-02    -5.18992E+01
    1334     7.29178E+02     2.82951E+01     8.94006E-02    -5.23549E+01
    1335     7.30051E+02     2.81742E+01     8.93619E-02    -5.27998E+01
    1336     7.30956E+02     2.80506E+01     8.93238E-02    -5.32337E+01
    1337     7.31893E+02     2.79243E+01     8.92864E-02    -5.36565E+01
    1338     7.32860E+02     2.77956E+01     8.92497E-02    -5.40680E+01
    1339     7.33856E+02     2.76643E+01     8.92136E-02    -5.44680E+01
    1340     7.34880E+02     2.75306E+01     8.91781E-02    -5.48565E+01
    1341     7.35931E+02     2.73943E+01     8.91432E-02    -5.52332E+01
    1342     7.37009E+02     2.72559E+01     8.91090E-02    -5.55979E+01
    1343     7.38111E+02     2.71150E+01     8.90753E-02    -5.59507E+01
    1344     7.39237E+02     2.69719E+01     8.90423E-02    -5.62912E+01
    1345     7.40386E+02     2.68266E+01     8.90098E-02    -5.66195E+01
    1346     7.41557E+02     2.66791E+01     8.89780E-02    -5.69353E+01
    1347     7.42748E+02     2.65295E+01     8.89467E-02    -5.72385E+01
    1348     7.43958E+02     2.63777E+01     8.89159E-02    -5.75290E+01
    1349     7.45188E+02     2.62241E+01     8.88857E-02    -5.78067E+01
    1350     7.46434E+02     2.60685E+01     8.88561E-02    -5.80716E+01
    1351     7.47697E+02     2.59111E+01     8.88270E-02    -5.83236E+01
    1352     7.48976E+02     2.57519E+01     8.87984E-02    -5.85626E+01
    1353     7.50270E+02     2.55909E+01     8.87703E-02    -5.87887E+01
    1354     7.51572E+02     2.54285E+01     8.87427E-02    -5.90018E+01
    1355     7.52893E+02     2.52644E+01     8.87156E-02    -5.92017E+01
    1356     7.54224E+02     2.50988E+01     8.86889E-02    -5.93886E+01
    1357     7.55566E+02     2.49319E+01     8.86628E-02    -5.95623E+01
    1358     7.56921E+02     2.47636E+01     8.86371E-02    -5.97227E+01
    1359     7.58279E+02     2.45939E+01     8.86118E-02    -5.98699E+01
    1360     7.59642E+02     2.44231E+01     8.85869E-02    -6.00037E+01
    1361     7.61009E+02     2.42511E+01     8.85625E-02    -6.01242E+01
    1362     7.62389E+02     2.40779E+01     8.85385E-02    -6.02313E+01
    1363     7.63767E+02     2.39037E+01     8.85148E-02    -6.03250E+01
    1364     7.65151E+02     2.37285E+01     8.84916E-02    -6.04052E+01
    1365     7.66540E+02     2.35524E+01     8.84687E-02    -6.04721E+01
    1366     7.67920E+02     2.33755E+01     8.84462E-02    -6.05255E+01
    1367     7.69306E+02     2.31978E+01     8.84240E-02    -6.05655E+01
    1368     7.70691E+02     2.30193E+01     8.84021E-02    -6.05921E+01
    1369     7.72068E+02     2.28403E+01     8.83805E-02    -6.06053E+01
    1370     7.73453E+02     2.26607E+01     8.83593E-02    -6.06051E+01
    1371     7.74821E+02     2.24805E+01     8.83383E-02    -6.05917E+01
    1372     7.76190E+02     2.23000E+01     8.83176E-02    -6.05649E+01
    1373     7.77552E+02     2.21191E+01     8.82971E-02    -6.05249E+01
    1374     7.78906E+02     2.19379E+01     8.82770E-02    -6.04717E+01
    1375     7.80247E+02     2.17565E+01     8.82570E-02    -6.04054E+01
    1376     7.81581E+02     2.15750E+01     8.82373E-02    -6.03259E+01
    1377     7.82908E+02     2.13933E+01     8.82177E-02    -6.02335E+01
    1378     7.84222E+02     2.12117E+01     8.81984E-02    -6.01280E+01
    1379     7.85523E+02     2.10300E+01     8.81792E-02    -6.00096E+01
    1380     7.86803E+02     2.08486E+01     8.81602E-02    -5.98782E+01
    1381     7.88078E+02     2.06672E+01     8.81414E-02    -5.97339E+01
    1382     7.89333E+02     2.04860E+01     8.81227E-02    -5.95769E+01
    1383     7.90569E+02     2.03051E+01     8.81041E-02    -5.94070E+01
    1384     7.91784E+02     2.01246E+01     8.80856E-02    -5.92244E+01
    1385     7.92988E+02     1.99444E+01     8.80673E-02    -5.90293E+01
    1386     7.94173E+02     1.97648E+01     8.80490E-02    -5.88219E+01
    1387     7.95331E+02     1.95857E+01     8.80308E-02    -5.86022E+01
    1388     7.96471E+02     1.94073E+01     8.80126E-02    -5.83704E+01
    1389     7.97584E+02     1.92296E+01     8.79945E-02    -5.81266E+01
    1390     7.98680E+02     1.90526E+01     8.79764E-02    -5.78710E+01
    1391     7.99750E+02     1.88765E+01     8.79583E-02    -5.76037E+01
    1392     8.00795E+02     1.87013E+01     8.79402E-02    -5.73248E+01
    1393     8.01822E+02     1.85270E+01     8.79221E-02    -5.70344E+01
    1394     8.02817E+02     1.83537E+01     8.79040E-02    -5.67326E+01
    1395     8.03780E+02     1.81815E+01     8.78858E-02    -5.64196E+01
    1396     8.04719E+02     1.80103E+01     8.78676E-02    -5.60953E+01
    1397     8.05633E+02     1.78404E+01     8.78493E-02    -5.57601E+01
    1398     8.06509E+02     1.76717E+01     8.78309E-02    -5.54140E+01
    1399     8.07361E+02     1.75042E+01     8.78124E-02    -5.50571E+01
    1400     8.08174E+02     1.73381E+01     8.77938E-02    -5.46898E+01
    1401     8.08964E+02     1.71734E+01     8.77751E-02    -5.43122E+01
    1402     8.09716E+02     1.70102E+01     8.77563E-02    -5.39242E+01
    1403     8.10437E+02     1.68483E+01     8.77373E-02    -5.35264E+01
    1404     8.11128E+02     1.66881E+01     8.77181E-02    -5.31187E+01
    1405     8.11782E+02     1.65295E+01     8.76988E-02    -5.27013E+01
    1406     8.12398E+02     1.63726E+01     8.76792E-02    -5.22745E+01
    1407     8.12977E+02     1.62173E+01     8.76595E-02    -5.18383E+01
    1408     8.13526E+02     1.60638E+01     8.76395E-02    -5.13930E+01
    1409     8.14031E+02     1.59121E+01     8.76193E-02    -5.09387E+01
    1410     8.14507E+02     1.57622E+01     8.75989E-02    -5.04756E+01
    1411     8.14940E+02     1.56142E+01     8.75782E-02    -5.00039E+01
    1412     8.15335E+02     1.54681E+01     8.75572E-02    -4.95239E+01
    1413     8.15688E+02     1.53241E+01     8.75360E-02    -4.90356E+01
    1414     8.16004E+02     1.51821E+01     8.75144E-02    -4.85394E+01
    1415     8.16277E+02     1.50421E+01     8.74926E-02    -4.80355E+01
    1416     8.16514E+02     1.49042E+01     8.74704E-02    -4.75242E+01
    1417     8.16708E+02     1.47685E+01     8.74479E-02    -4.70056E+01
    1418     8.16867E+02     1.46351E+01     8.74250E-02    -4.64800E+01
    1419     8.16983E+02     1.45039E+01     8.74018E-02    -4.59475E+01
    1420     8.17057E+02     1.43749E+01     8.73781E-02    -4.54085E+01
    1421     8.17088E+02     1.42483E+01     8.73542E-02    -4.48632E+01
    1422     8.17076E+02     1.41241E+01     8.73298E-02    -4.43117E+01
    1423     8.17030E+02     1.40022E+01     8.73050E-02    -4.37542E+01
    1424     8.16935E+02     1.38828E+01     8.72798E-02    -4.31909E+01
    1425     8.16797E+02     1.37658E+01     8.72542E-02    -4.26222E+01
    1426     8.16618E+02     1.36514E+01     8.72281E-02    -4.20482E+01
    1427     8.16390E+02     1.35394E+01     8.72016E-02    -4.14691E+01
    1428     8.16119E+02     1.34299E+01     8.71746E-02    -4.08850E+01
    1429     8.15808E+02     1.33231E+01     8.71471E-02    -4.02965E+01
    1430     8.15455E+02     1.32188E+01     8.71192E-02    -3.97035E+01
    1431     8.15053E+02     1.31172E+01     8.70908E-02    -3.91064E+01
    1432     8.14609E+02     1.30182E+01     8.70618E-02    -3.85054E+01
    1433     8.14117E+02     1.29219E+01     8.70324E-02    -3.79006E+01
    1434     8.13584E+02     1.28283E+01     8.70024E-02    -3.72924E+01
    1435     8.13003E+02     1.27374E+01     8.69720E-02    -3.66810E+01
    1436     8.12380E+02     1.26493E+01     8.69409E-02    -3.60666E+01
    1437     8.11709E+02     1.25639E+01     8.69094E-02    -3.54494E+01
    1438     8.10990E+02     1.24812E+01     8.68773E-02    -3.48297E+01
    1439     8.10230E+02     1.24015E+01     8.68446E-02    -3.42078E+01
    1440     8.09429E+02     1.23245E+01     8.68113E-02    -3.35837E+01
    1441     8.08579E+02     1.22503E+01     8.67775E-02    -3.29579E+01
    1442     8.07682E+02     1.21789E+01     8.67431E-02    -3.23304E+01
    1443     8.06737E+02     1.21103E+01     8.67081E-02    -3.17015E+01
    1444     8.05750E+02     1.20446E+01     8.66726E-02    -3.10715E+01
    1445     8.04716E+02     1.19818E+01     8.66364E-02    -3.04405E+01
    1446     8.03634E+02     1.19219E+01     8.65996E-02    -2.98088E+01
    1447     8.02511E+02     1.18648E+01     8.65622E-02    -2.91767E+01
    1448     8.01340E+02     1.18105E+01     8.65242E-02    -2.85443E+01
    1449     8.00120E+02     1.17592E+01     8.64856E-02    -2.79120E+01
    1450     7.98861E+02     1.17108E+01     8.64463E-02    -2.72799E+01
    1451     7.97560E+02     1.16653E+01     8.64064E-02    -2.66483E+01
    1452     7.96212E+02     1.16226E+01     8.63659E-02    -2.60175E+01
    1453     7.94815E+02     1.15829E+01     8.63248E-02    -2.53877E+01
    1454     7.93378E+02     1.15460E+01     8.62830E-02    -2.47591E+01
    1455     7.91900E+02     1.15120E+01     8.62405E-02    -2.41319E+01
    1456     7.90381E+02     1.14809E+01     8.61974E-02    -2.35063E+01
    1457     7.88821E+02     1.14528E+01     8.61537E-02    -2.28826E+01
    1458     7.87213E+02     1.14273E+01     8.61093E-02    -2.22610E+01
    1459     7.85564E+02     1.14048E+01     8.60643E-02    -2.16415E+01
    1460     7.83874E+02     1.13852E+01     8.60186E-02    -2.10246E+01
    1461     7.82143E+02     1.13684E+01     8.59722E-02    -2.04103E+01
    1462     7.80372E+02     1.13544E+01     8.59252E-02    -1.97990E+01
    1463     7.78558E+02     1.13432E+01     8.58775E-02    -1.91907E+01
    1464     7.76704E+02     1.13348E+01     8.58292E-02    -1.85858E+01
    1465     7.74809E+02     1.13292E+01     8.57802E-02    -1.79842E+01
    1466     7.72879E+02     1.13264E+01     8.57305E-02    -1.73865E+01
    1467     7.70908E+02     1.13263E+01     8.56802E-02    -1.67926E+01
    1468     7.68903E+02     1.13290E+01     8.56292E-02    -1.62029E+01
    1469     7.66857E+02     1.13343E+01     8.55775E-02    -1.56175E+01
    1470     7.64768E+02     1.13424E+01     8.55252E-02    -1.50366E+01
    1471     7.62653E+02     1.13531E+01     8.54722E-02    -1.44604E+01
    1472     7.60496E+02     1.13665E+01     8.54186E-02    -1.38890E+01
    1473     7.58297E+02     1.13825E+01     8.53643E-02    -1.33227E+01
    1474     7.56070E+02     1.14012E+01     8.53094E-02    -1.27616E+01
    1475     7.53802E+02     1.14224E+01     8.52537E-02    -1.22061E+01
    1476     7.51506E+02     1.14462E+01     8.51975E-02    -1.16561E+01
    1477     7.49175E+02     1.14725E+01     8.51406E-02    -1.11119E+01
    1478     7.46808E+02     1.15013E+01     8.50830E-02    -1.05736E+01
    1479     7.44414E+02     1.15326E+01     8.50248E-02    -1.00415E+01
    1480     7.41985E+02     1.15663E+01     8.49659E-02    -9.51567E+00
    1481     7.39528E+02     1.16025E+01     8.49064E-02    -8.99629E+00
    1482     7.37034E+02     1.16410E+01     8.48463E-02    -8.48354E+00
    1483     7.34513E+02     1.16819E+01     8.47855E-02    -7.97754E+00
    1484     7.31971E+02     1.17251E+01     8.47241E-02    -7.47845E+00
    1485     7.29392E+02     1.17706E+01     8.46621E-02    -6.98642E+00
    1486     7.26792E+02     1.18184E+01     8.45994E-02    -6.50159E+00
    1487     7.24156E+02     1.18683E+01     8.45361E-02    -6.02413E+00
    1488     7.21498E+02     1.19205E+01     8.44722E-02    -5.55416E+00
    1489     7.18818E+02     1.19748E+01     8.44077E-02    -5.09183E+00
    1490     7.16106E+02     1.20312E+01     8.43426E-02    -4.63726E+00
    1491     7.13371E+02     1.20896E+01     8.42769E-02    -4.19057E+00
    1492     7.10612E+02     1.21501E+01     8.42105E-02    -3.75190E+00
    1493     7.07831E+02     1.22126E+01     8.41436E-02    -3.32139E+00
    1494     7.05026E+02     1.22770E+01     8.40761E-02    -2.89915E+00
    1495     7.02199E+02     1.23433E+01     8.40080E-02    -2.48531E+00
    1496     6.99350E+02     1.24116E+01     8.39394E-02    -2.07998E+00
    1497     6.96482E+02     1.24815E+01     8.38702E-02    -1.68324E+00
    1498     6.93593E+02     1.25533E+01     8.38004E-02    -1.29519E+00
    1499     6.90685E+02     1.26268E+01     8.37300E-02    -9.15936E-01
    1500     6.87759E+02     1.27021E+01     8.36591E-02    -5.45565E-01
    1501     6.84814E+02     1.27789E+01     8.35877E-02    -1.84181E-01
    1502     6.81854E+02     1.28574E+01     8.35157E-02     1.68133E-01
    1503     6.78878E+02     1.29374E+01     8.34432E-02     5.11283E-01
    1504     6.75885E+02     1.30189E+01     8.33702E-02     8.45216E-01
    1505     6.72879E+02     1.31019E+01     8.32967E-02     1.16985E+00
    1506     6.69858E+02     1.31862E+01     8.32226E-02     1.48511E+00
    1507     6.66824E+02     1.32720E+01     8.31481E-02     1.79091E+00
    1508     6.63777E+02     1.33591E+01     8.30731E-02     2.08716E+00
    1509     6.60718E+02     1.34474E+01     8.29976E-02     2.37390E+00
    1510     6.57647E+02     1.35370E+01     8.29216E-02     2.65092E+00
    1511     6.54566E+02     1.36277E+01     8.28452E-02     2.91833E+00
    1512     6.51476E+02     1.37196E+01     8.27683E-02     3.17606E+00
    1513     6.48378E+02     1.38125E+01     8.26910E-02     3.42413E+00
    1514     6.45272E+02     1.39064E+01     8.26133E-02     3.66243E+00
    1515     6.42161E+02     1.40014E+01     8.25351E-02     3.89104E+00
    1516     6.39044E+02     1.40973E+01     8.24565E-02     4.10983E+00
    1517     6.35921E+02     1.41941E+01     8.23775E-02     4.31881E+00
    1518     6.32796E+02     1.42917E+01     8.22981E-02     4.51801E+00
    1519     6.29667E+02     1.43901E+01     8.22183E-02     4.70742E+00
    1520     6.26535E+02     1.44892E+01     8.21382E-02     4.88693E+00
    1521     6.23402E+02     1.45890E+01     8.20577E-02     5.05661E+00
    1522     6.20268E+02     1.46895E+01     8.19768E-02     5.21647E+00
    1523     6.17132E+02     1.47905E+01     8.18956E-02     5.36638E+00
    1524     6.13997E+02     1.48920E+01     8.18141E-02     5.50642E+00
    1525     6.10864E+02     1.49940E+01     8.17323E-02     5.63660E+00
    1526     6.07732E+02     1.50965E+01     8.16501E-02     5.75691E+00
    1527     6.04603E+02     1.51993E+01     8.15676E-02     5.86745E+00
    1528     6.01477E+02     1.53025E+01     8.14849E-02     5.96814E+00
    1529     5.98356E+02     1.54059E+01     8.14019E-02     6.05913E+00
    1530     5.95239E+02     1.55096E+01     8.13186E-02     6.14028E+00
    1531     5.92128E+02     1.56134E+01     8.12351E-02     6.21166E+00
    1532     5.89022E+02     1.57175E+01     8.11513E-02     6.27334E+00
    1533     5.85924E+02     1.58215E+01     8.10673E-02     6.32533E+00
    1534     5.82833E+02     1.59255E+01     8.09831E-02     6.36769E+00
    1535     5.79750E+02     1.60296E+01     8.08987E-02     6.40043E+00
    1536     5.76676E+02     1.61336E+01     8.08140E-02     6.42353E+00
    1537     5.73611E+02     1.62373E+01     8.07292E-02     6.43707E+00
    1538     5.70556E+02     1.63410E+01     8.06443E-02     6.44111E+00
    1539     5.67512E+02     1.64443E+01     8.05591E-02     6.43572E+00
    1540     5.64480E+02     1.65474E+01     8.04738E-02     6.42104E+00
    1541     5.61459E+02     1.66502E+01     8.03884E-02     6.39699E+00
    1542     5.58452E+02     1.67527E+01     8.03029E-02     6.36377E+00
    1543     5.55458E+02     1.68546E+01     8.02172E-02     6.32138E+00
    1544     5.52479E+02     1.69562E+01     8.01314E-02     6.26995E+00
    1545     5.49514E+02     1.70572E+01     8.00455E-02     6.20954E+00
    1546     5.46565E+02     1.71576E+01     7.99596E-02     6.14022E+00
    1547     5.43633E+02     1.72574E+01     7.98736E-02     6.06203E+00
    1548     5.40717E+02     1.73566E+01     7.97875E-02     5.97511E+00
    1549     5.37818E+02     1.74550E+01     7.97014E-02     5.87951E+00
    1550     5.34937E+02     1.75527E+01     7.96152E-02     5.77530E+00
    1551     5.32074E+02     1.76496E+01     7.95290E-02     5.66260E+00
    1552     5.29230E+02     1.77456E+01     7.94428E-02     5.54146E+00
    1553     5.26405E+02     1.78408E+01     7.93566E-02     5.41209E+00
    1554     5.23600E+02     1.79350E+01     7.92704E-02     5.27445E+00
    1555     5.20815E+02     1.80282E+01     7.91842E-02     5.12875E+00
    1556     5.18051E+02     1.81204E+01     7.90980E-02     4.97504E+00
    1557     5.15309E+02     1.82116E+01     7.90119E-02     4.81351E+00
    1558     5.12589E+02     1.83017E+01     7.89258E-02     4.64422E+00
    1559     5.09892E+02     1.83907E+01     7.88398E-02     4.46735E+00
    1560     5.07217E+02     1.84784E+01     7.87538E-02     4.28287E+00
    1561     5.04565E+02     1.85650E+01     7.86679E-02     4.09114E+00
    1562     5.01938E+02     1.86503E+01     7.85822E-02     3.89211E+00
    1563     4.99335E+02     1.87344E+01     7.84965E-02     3.68598E+00
    1564     4.96757E+02     1.88171E+01     7.84109E-02     3.47287E+00
    1565     4.94204E+02     1.88985E+01     7.83254E-02     3.25296E+00
    1566     4.91677E+02     1.89785E+01     7.82401E-02     3.02630E+00
    1567     4.89175E+02     1.90571E+01     7.81548E-02     2.79307E+00
    1568     4.86701E+02     1.91343E+01     7.80698E-02     2.55332E+00
    1569     4.84253E+02     1.92099E+01     7.79849E-02     2.30730E+00
    1570     4.81832E+02     1.92840E+01     7.79001E-02     2.05513E+00
    1571     4.79439E+02     1.93565E+01     7.78156E-02     1.79687E+00
    1572     4.77073E+02     1.94274E+01     7.77312E-02     1.53269E+00
    1573     4.74735E+02     1.94968E+01     7.76470E-02     1.26274E+00
    1574     4.72426E+02     1.95644E+01     7.75630E-02     9.87213E-01
    1575     4.70146E+02     1.96303E+01     7.74792E-02     7.06248E-01
    1576     4.67894E+02     1.96946E+01     7.73957E-02     4.20032E-01
    1577     4.65673E+02     1.97572E+01     7.73123E-02     1.28709E-01
    1578     4.63482E+02     1.98180E+01     7.72292E-02    -1.67532E-01
    1579     4.61321E+02     1.98771E+01     7.71464E-02    -4.68547E-01
    1580     4.59189E+02     1.99344E+01     7.70637E-02    -7.74180E-01
    1581     4.57089E+02     1.99898E+01     7.69814E-02    -1.08428E+00
    1582     4.55020E+02     2.00435E+01     7.68993E-02    -1.39870E+00
    1583     4.52982E+02     2.00953E+01     7.68175E-02    -1.71729E+00
    1584     4.50975E+02     2.01452E+01     7.67360E-02    -2.03991E+00
    1585     4.48998E+02     2.01932E+01     7.66548E-02    -2.36639E+00
    1586     4.47054E+02     2.02393E+01     7.65739E-02    -2.69662E+00
    1587     4.45141E+02     2.02834E+01     7.64932E-02    -3.03041E+00
    1588     4.43260E+02     2.03255E+01     7.64129E-02    -3.36761E+00
    1589     4.41410E+02     2.03656E+01     7.63330E-02    -3.70806E+00
    1590     4.39593E+02     2.04037E+01     7.62533E-02    -4.05159E+00
    1591     4.37807E+02     2.04398E+01     7.61740E-02    -4.39805E+00
    1592     4.36054E+02     2.04738E+01     7.60950E-02    -4.74728E+00
    1593     4.34333E+02     2.05058E+01     7.60164E-02    -5.09911E+00
    1594     4.32644E+02     2.05357E+01     7.59381E-02    -5.45339E+00
    1595     4.30987E+02     2.05635E+01     7.58602E-02    -5.80994E+00
    1596     4.29362E+02     2.05892E+01     7.57827E-02    -6.16861E+00
    1597     4.27771E+02     2.06129E+01     7.57055E-02    -6.52923E+00
    1598     4.26211E+02     2.06344E+01     7.56287E-02    -6.89164E+00
    1599     4.24683E+02     2.06537E+01     7.55523E-02    -7.25567E+00
    1600     4.23189E+02     2.06710E+01     7.54763E-02    -7.62116E+00
    1601     4.21727E+02     2.06861E+01     7.54007E-02    -7.98797E+00
    1602     4.20296E+02     2.06990E+01     7.53255E-02    -8.35593E+00
    1603     4.18898E+02     2.07097E+01     7.52507E-02    -8.72490E+00
    1604     4.17532E+02     2.07183E+01     7.51762E-02    -9.09473E+00
    1605     4.16199E+02     2.07247E+01     7.51023E-02    -9.46528E+00
    1606     4.14896E+02     2.07290E+01     7.50287E-02    -9.83638E+00
    1607     4.13626E+02     2.07310E+01     7.49555E-02    -1.02078E+01
    1608     4.12388E+02     2.07307E+01     7.48828E-02    -1.05796E+01
    1609     4.11181E+02     2.07283E+01     7.48105E-02    -1.09513E+01
    1610     4.10005E+02     2.07237E+01     7.47387E-02    -1.13230E+01
    1611     4.08861E+02     2.07170E+01     7.46673E-02    -1.16944E+01
    1612     4.07749E+02     2.07081E+01     7.45963E-02    -1.20654E+01
    1613     4.06667E+02     2.06971E+01     7.45258E-02    -1.24358E+01
    1614     4.05616E+02     2.06840E+01     7.44557E-02    -1.28054E+01
    1615     4.04596E+02     2.06688E+01     7.43860E-02    -1.31741E+01
    1616     4.03607E+02     2.06515E+01     7.43168E-02    -1.35418E+01
    1617     4.02649E+02     2.06321E+01     7.42481E-02    -1.39083E+01
    1618     4.01720E+02     2.06105E+01     7.41798E-02    -1.42734E+01
    1619     4.00821E+02     2.05869E+01     7.41119E-02    -1.46371E+01
    1620     3.99952E+02     2.05612E+01     7.40445E-02    -1.49991E+01
    1621     3.99113E+02     2.05333E+01     7.39776E-02    -1.53594E+01
    1622     3.98302E+02     2.05035E+01     7.39111E-02    -1.57178E+01
    1623     3.97521E+02     2.04715E+01     7.38451E-02    -1.60742E+01
    1624     3.96767E+02     2.04375E+01     7.37796E-02    -1.64284E+01
    1625     3.96043E+02     2.04015E+01     7.37145E-02    -1.67803E+01
    1626     3.95347E+02     2.03635E+01     7.36498E-02    -1.71297E+01
    1627     3.94678E+02     2.03234E+01     7.35856E-02    -1.74766E+01
    1628     3.94037E+02     2.02815E+01     7.35219E-02    -1.78206E+01
    1629     3.93423E+02     2.02375E+01     7.34586E-02    -1.81619E+01
    1630     3.92836E+02     2.01916E+01     7.33958E-02    -1.85000E+01
    1631     3.92276E+02     2.01438E+01     7.33334E-02    -1.88352E+01
    1632     3.91742E+02     2.00940E+01     7.32715E-02    -1.91671E+01
    1633     3.91233E+02     2.00423E+01     7.32100E-02    -1.94956E+01
    1634     3.90751E+02     1.99888E+01     7.31490E-02    -1.98207E+01
    1635     3.90293E+02     1.99333E+01     7.30884E-02    -2.01422E+01
    1636     3.89860E+02     1.98759E+01     7.30283E-02    -2.04599E+01
    1637     3.89452E+02     1.98168E+01     7.29686E-02    -2.07739E+01
    1638     3.89067E+02     1.97558E+01     7.29093E-02    -2.10838E+01
    1639     3.88707E+02     1.96931E+01     7.28505E-02    -2.13898E+01
    1640     3.88369E+02     1.96286E+01     7.27921E-02    -2.16916E+01
    1641     3.88054E+02     1.95624E+01     7.27342E-02    -2.19891E+01
    1642     3.87762E+02     1.94946E+01     7.26767E-02    -2.22823E+01
    1643     3.87492E+02     1.94251E+01     7.26196E-02    -2.25710E+01
    1644     3.87245E+02     1.93540E+01     7.25629E-02    -2.28552E+01
    1645     3.87018E+02     1.92812E+01     7.25066E-02    -2.31347E+01
    1646     3.86812E+02     1.92068E+01     7.24508E-02    -2.34095E+01
    1647     3.86627E+02     1.91309E+01     7.23954E-02    -2.36794E+01
    1648     3.86461E+02     1.90535E+01     7.23403E-02    -2.39443E+01
    1649     3.86315E+02     1.89745E+01     7.22857E-02    -2.42043E+01
    1650     3.86188E+02     1.88939E+01     7.22315E-02    -2.44591E+01
    1651     3.86079E+02     1.88120E+01     7.21777E-02    -2.47088E+01
    1652     3.85990E+02     1.87286E+01     7.21242E-02    -2.49532E+01
    1653     3.85917E+02     1.86438E+01     7.20712E-02    -2.51923E+01
    1654     3.85862E+02     1.85576E+01     7.20185E-02    -2.54260E+01
    1655     3.85824E+02     1.84700E+01     7.19663E-02    -2.56542E+01
    1656     3.85802E+02     1.83812E+01     7.19144E-02    -2.58769E+01
    1657     3.85796E+02     1.82911E+01     7.18628E-02    -2.60940E+01
    1658     3.85805E+02     1.81998E+01     7.18116E-02    -2.63055E+01
    1659     3.85830E+02     1.81072E+01     7.17608E-02    -2.65112E+01
    1660     3.85869E+02     1.80135E+01     7.17103E-02    -2.67113E+01
    1661     3.85922E+02     1.79186E+01     7.16602E-02    -2.69055E+01
    1662     3.85988E+02     1.78226E+01     7.16105E-02    -2.70938E+01
    1663     3.86068E+02     1.77256E+01     7.15610E-02    -2.72763E+01
    1664     3.86160E+02     1.76276E+01     7.15119E-02    -2.74529E+01
    1665     3.86264E+02     1.75285E+01     7.14631E-02    -2.76233E+01
    1666     3.86380E+02     1.74284E+01     7.14147E-02    -2.77878E+01
    1667     3.86507E+02     1.73275E+01     7.13666E-02    -2.79463E+01
    1668     3.86645E+02     1.72256E+01     7.13187E-02    -2.80986E+01
    1669     3.86792E+02     1.71227E+01     7.12712E-02    -2.82447E+01
    1670     3.86949E+02     1.70191E+01     7.12240E-02    -2.83847E+01
    1671     3.87116E+02     1.69146E+01     7.11770E-02    -2.85184E+01
    1672     3.87290E+02     1.68094E+01     7.11304E-02    -2.86459E+01
    1673     3.87473E+02     1.67035E+01     7.10840E-02    -2.87672E+01
    1674     3.87664E+02     1.65968E+01     7.10379E-02    -2.88822E+01
    1675     3.87862E+02     1.64896E+01     7.09921E-02    -2.89909E+01
    1676     3.88067E+02     1.63818E+01     7.09465E-02    -2.90935E+01
    1677     3.88278E+02     1.62735E+01     7.09012E-02    -2.91898E+01
    1678     3.88496E+02     1.61646E+01     7.08561E-02    -2.92798E+01
    1679     3.88718E+02     1.60552E+01     7.08113E-02    -2.93636E+01
    1680     3.88945E+02     1.59455E+01     7.07667E-02    -2.94410E+01
    1681     3.89177E+02     1.58354E+01     7.07223E-02    -2.95122E+01
    1682     3.89412E+02     1.57248E+01     7.06782E-02    -2.95772E+01
    1683     3.89651E+02     1.56140E+01     7.06342E-02    -2.96357E+01
    1684     3.89893E+02     1.55028E+01     7.05905E-02    -2.96881E+01
    1685     3.90138E+02     1.53913E+01     7.05470E-02    -2.97341E+01
    1686     3.90384E+02     1.52797E+01     7.05036E-02    -2.97738E+01
    1687     3.90632E+02     1.51678E+01     7.04604E-02    -2.98073E+01
    1688     3.90881E+02     1.50557E+01     7.04174E-02    -2.98346E+01
    1689     3.91131E+02     1.49435E+01     7.03746E-02    -2.98557E+01
    1690     3.91381E+02     1.48313E+01     7.03320E-02    -2.98706E+01
    1691     3.91630E+02     1.47190E+01     7.02894E-02    -2.98794E+01
    1692     3.91880E+02     1.46067E+01     7.02471E-02    -2.98819E+01
    1693     3.92127E+02     1.44944E+01     7.02048E-02    -2.98785E+01
    1694     3.92374E+02     1.43821E+01     7.01627E-02    -2.98688E+01
    1695     3.92617E+02     1.42700E+01     7.01207E-02    -2.98532E+01
    1696     3.92859E+02     1.41579E+01     7.00789E-02    -2.98314E+01
    1697     3.93098E+02     1.40460E+01     7.00371E-02    -2.98037E+01
    1698     3.93332E+02     1.39343E+01     6.99954E-02    -2.97699E+01
    1699     3.93564E+02     1.38227E+01     6.99538E-02    -2.97303E+01
    1700     3.93791E+02     1.37115E+01     6.99123E-02    -2.96847E+01
    1701     3.94013E+02     1.36004E+01     6.98709E-02    -2.96333E+01
    1702     3.94230E+02     1.34897E+01     6.98295E-02    -2.95761E+01
    1703     3.94442E+02     1.33795E+01     6.97882E-02    -2.95133E+01
    1704     3.94649E+02     1.32695E+01     6.97470E-02    -2.94448E+01
    1705     3.94850E+02     1.31601E+01     6.97058E-02    -2.93708E+01
    1706     3.95044E+02     1.30511E+01     6.96646E-02    -2.92913E+01
    1707     3.95231E+02     1.29426E+01     6.96234E-02    -2.92064E+01
    1708     3.95412E+02     1.28347E+01     6.95823E-02    -2.91161E+01
    1709     3.95585E+02     1.27273E+01     6.95411E-02    -2.90204E+01
    1710     3.95751E+02     1.26205E+01     6.95000E-02    -2.89195E+01
    1711     3.95908E+02     1.25144E+01     6.94589E-02    -2.88134E+01
    1712     3.96057E+02     1.24088E+01     6.94177E-02    -2.87022E+01
    1713     3.96197E+02     1.23040E+01     6.93765E-02    -2.85859E+01
    1714     3.96328E+02     1.21998E+01     6.93353E-02    -2.84645E+01
    1715     3.96449E+02     1.20963E+01     6.92941E-02    -2.83384E+01
    1716     3.96562E+02     1.19937E+01     6.92528E-02    -2.82074E+01
    1717     3.96664E+02     1.18919E+01     6.92115E-02    -2.80716E+01
    1718     3.96755E+02     1.17908E+01     6.91701E-02    -2.79313E+01
    1719     3.96837E+02     1.16906E+01     6.91286E-02    -2.77863E+01
    1720     3.96907E+02     1.15913E+01     6.90871E-02    -2.76368E+01
    1721     3.96967E+02     1.14929E+01     6.90455E-02    -2.74829E+01
    1722     3.97016E+02     1.13954E+01     6.90038E-02    -2.73247E+01
    1723     3.97053E+02     1.12989E+01     6.89620E-02    -2.71624E+01
    1724     3.97079E+02     1.12034E+01     6.89201E-02    -2.69958E+01
    1725     3.97092E+02     1.11088E+01     6.88781E-02    -2.68253E+01
    1726     3.97093E+02     1.10153E+01     6.88360E-02    -2.66507E+01
    1727     3.97082E+02     1.09229E+01     6.87938E-02    -2.64723E+01
    1728     3.97058E+02     1.08315E+01     6.87515E-02    -2.62902E+01
    1729     3.97020E+02     1.07413E+01     6.87090E-02    -2.61044E+01
    1730     3.96970E+02     1.06522E+01     6.86664E-02    -2.59149E+01
    1731     3.96907E+02     1.05642E+01     6.86236E-02    -2.57219E+01
    1732     3.96830E+02     1.04773E+01     6.85807E-02    -2.55254E+01
    1733     3.96738E+02     1.03917E+01     6.85377E-02    -2.53257E+01
    1734     3.96633E+02     1.03072E+01     6.84945E-02    -2.51226E+01
    1735     3.96513E+02     1.02239E+01     6.84511E-02    -2.49165E+01
    1736     3.96379E+02     1.01419E+01     6.84075E-02    -2.47073E+01
    1737     3.96231E+02     1.00612E+01     6.83638E-02    -2.44952E+01
    1738     3.96069E+02     9.98175E+00     6.83199E-02    -2.42804E+01
    1739     3.95892E+02     9.90362E+00     6.82758E-02    -2.40628E+01
    1740     3.95700E+02     9.82681E+00     6.82316E-02    -2.38427E+01
    1741     3.95494E+02     9.75131E+00     6.81871E-02    -2.36201E+01
    1742     3.95273E+02     9.67719E+00     6.81424E-02    -2.33953E+01
    1743     3.95037E+02     9.60437E+00     6.80976E-02    -2.31681E+01
    1744     3.94785E+02     9.53299E+00     6.80525E-02    -2.29387E+01
    1745     3.94519E+02     9.46297E+00     6.80072E-02    -2.27072E+01
    1746     3.94237E+02     9.39438E+00     6.79617E-02    -2.24738E+01
    1747     3.93939E+02     9.32714E+00     6.79160E-02    -2.22384E+01
    1748     3.93626E+02     9.26139E+00     6.78700E-02    -2.20013E+01
    1749     3.93296E+02     9.19705E+00     6.78239E-02    -2.17625E+01
    1750     3.92951E+02     9.13411E+00     6.77775E-02    -2.15221E+01
    1751     3.92590E+02     9.07265E+00     6.77308E-02    -2.12802E+01
    1752     3.92214E+02     9.01266E+00     6.76840E-02    -2.10370E+01
    1753     3.91822E+02     8.95413E+00     6.76368E-02    -2.07926E+01
    1754     3.91414E+02     8.89706E+00     6.75895E-02    -2.05470E+01
    1755     3.90990E+02     8.84153E+00     6.75419E-02    -2.03004E+01
    1756     3.90550E+02     8.78744E+00     6.74940E-02    -2.00527E+01
    1757     3.90094E+02     8.73488E+00     6.74459E-02    -1.98044E+01
    1758     3.89622E+02     8.68377E+00     6.73975E-02    -1.95552E+01
    1759     3.89134E+02     8.63421E+00     6.73489E-02    -1.93055E+01
    1760     3.88631E+02     8.58615E+00     6.72999E-02    -1.90551E+01
    1761     3.88111E+02     8.53958E+00     6.72508E-02    -1.88044E+01
    1762     3.87575E+02     8.49454E+00     6.72013E-02    -1.85532E+01
    1763     3.87024E+02     8.45100E+00     6.71516E-02    -1.83020E+01
    1764     3.86457E+02     8.40898E+00     6.71016E-02    -1.80506E+01
    1765     3.85875E+02     8.36848E+00     6.70514E-02    -1.77991E+01
    1766     3.85277E+02     8.32950E+00     6.70008E-02    -1.75478E+01
    1767     3.84664E+02     8.29203E+00     6.69500E-02    -1.72967E+01
    1768     3.84036E+02     8.25609E+00     6.68989E-02    -1.70459E+01
    1769     3.83394E+02     8.22167E+00     6.68475E-02    -1.67955E+01
    1770     3.82737E+02     8.18877E+00     6.67958E-02    -1.65457E+01
    1771     3.82064E+02     8.15738E+00     6.67439E-02    -1.62965E+01
    1772     3.81377E+02     8.12750E+00     6.66916E-02    -1.60479E+01
    1773     3.80676E+02     8.09911E+00     6.66391E-02    -1.58002E+01
    1774     3.79960E+02     8.07224E+00     6.65862E-02    -1.55534E+01
    1775     3.79230E+02     8.04685E+00     6.65331E-02    -1.53075E+01
    1776     3.78486E+02     8.02296E+00     6.64797E-02    -1.50628E+01
    1777     3.77728E+02     8.00056E+00     6.64259E-02    -1.48191E+01
    1778     3.76956E+02     7.97963E+00     6.63719E-02    -1.45768E+01
    1779     3.76169E+02     7.96017E+00     6.63176E-02    -1.43357E+01
    1780     3.75370E+02     7.94217E+00     6.62630E-02    -1.40962E+01
    1781     3.74557E+02     7.92563E+00     6.62080E-02    -1.38581E+01
    1782     3.73731E+02     7.91053E+00     6.61528E-02    -1.36218E+01
    1783     3.72892E+02     7.89688E+00     6.60973E-02    -1.33870E+01
    1784     3.72040E+02     7.88465E+00     6.60415E-02    -1.31541E+01
    1785     3.71175E+02     7.87385E+00     6.59854E-02    -1.29231E+01
    1786     3.70298E+02     7.86445E+00     6.59290E-02    -1.26939E+01
    1787     3.69410E+02     7.85644E+00     6.58723E-02    -1.24669E+01
    1788     3.68508E+02     7.84982E+00     6.58153E-02    -1.22419E+01
    1789     3.67595E+02     7.84457E+00     6.57580E-02    -1.20192E+01
    1790     3.66671E+02     7.84068E+00     6.57004E-02    -1.17987E+01
    1791     3.65735E+02     7.83814E+00     6.56425E-02    -1.15806E+01
    1792     3.64787E+02     7.83693E+00     6.55843E-02    -1.13649E+01
    1793     3.63829E+02     7.83704E+00     6.55259E-02    -1.11517E+01
    1794     3.62859E+02     7.83844E+00     6.54671E-02    -1.09410E+01
    1795     3.61879E+02     7.84114E+00     6.54081E-02    -1.07330E+01
    1796     3.60888E+02     7.84511E+00     6.53488E-02    -1.05277E+01
    1797     3.59886E+02     7.85034E+00     6.52891E-02    -1.03251E+01
    1798     3.58875E+02     7.85680E+00     6.52293E-02    -1.01255E+01
    1799     3.57853E+02     7.86449E+00     6.51691E-02    -9.92869E+00
    1800     3.56822E+02     7.87339E+00     6.51086E-02    -9.73491E+00
    1801     3.55783E+02     7.88347E+00     6.50479E-02    -9.54415E+00
    1802     3.54734E+02     7.89474E+00     6.49869E-02    -9.35648E+00
    1803     3.53676E+02     7.90715E+00     6.49257E-02    -9.17199E+00
    1804     3.52611E+02     7.92070E+00     6.48642E-02    -8.99072E+00
    1805     3.51537E+02     7.93537E+00     6.48024E-02    -8.81270E+00
    1806     3.50456E+02     7.95113E+00     6.47403E-02    -8.63801E+00
    1807     3.49367E+02     7.96797E+00     6.46780E-02    -8.46667E+00
    1808     3.48271E+02     7.98587E+00     6.46155E-02    -8.29874E+00
    1809     3.47168E+02     8.00480E+00     6.45527E-02    -8.13428E+00
    1810     3.46057E+02     8.02475E+00     6.44897E-02    -7.97333E+00
    1811     3.44940E+02     8.04570E+00     6.44264E-02    -7.81592E+00
    1812     3.43817E+02     8.06761E+00     6.43629E-02    -7.66209E+00
    1813     3.42688E+02     8.09048E+00     6.42991E-02    -7.51189E+00
    1814     3.41552E+02     8.11429E+00     6.42352E-02    -7.36535E+00
    1815     3.40412E+02     8.13900E+00     6.41710E-02    -7.22250E+00
    1816     3.39267E+02     8.16460E+00     6.41065E-02    -7.08338E+00
    1817     3.38116E+02     8.19106E+00     6.40419E-02    -6.94804E+00
    1818     3.36962E+02     8.21837E+00     6.39771E-02    -6.81649E+00
    1819     3.35803E+02     8.24650E+00     6.39120E-02    -6.68877E+00
    1820     3.34640E+02     8.27542E+00     6.38467E-02    -6.56490E+00
    1821     3.33473E+02     8.30509E+00     6.37813E-02    -6.44491E+00
    1822     3.32303E+02     8.33556E+00     6.37156E-02    -6.32882E+00
    1823     3.31129E+02     8.36675E+00     6.36498E-02    -6.21668E+00
    1824     3.29953E+02     8.39860E+00     6.35838E-02    -6.10850E+00
    1825     3.28774E+02     8.43111E+00     6.35176E-02    -6.00429E+00
    1826     3.27593E+02     8.46437E+00     6.34512E-02    -5.90407E+00
    1827     3.26409E+02     8.49816E+00     6.33846E-02    -5.80785E+00
    1828     3.25224E+02     8.53258E+00     6.33179E-02    -5.71562E+00
    1829     3.24038E+02     8.56763E+00     6.32510E-02    -5.62742E+00
    1830     3.22850E+02     8.60324E+00     6.31840E-02    -5.54325E+00
    1831     3.21663E+02     8.63935E+00     6.31168E-02    -5.46312E+00
    1832     3.20474E+02     8.67597E+00     6.30494E-02    -5.38703E+00
    1833     3.19287E+02     8.71304E+00     6.29820E-02    -5.31499E+00
    1834     3.18099E+02     8.75065E+00     6.29143E-02    -5.24700E+00
    1835     3.16911E+02     8.78864E+00     6.28466E-02    -5.18306E+00
    1836     3.15725E+02     8.82704E+00     6.27787E-02    -5.12317E+00
    1837     3.14539E+02     8.86586E+00     6.27107E-02    -5.06735E+00
    1838     3.13355E+02     8.90502E+00     6.26425E-02    -5.01558E+00
    1839     3.12171E+02     8.94454E+00     6.25743E-02    -4.96787E+00
    1840     3.10990E+02     8.98437E+00     6.25059E-02    -4.92420E+00
    1841     3.09811E+02     9.02449E+00     6.24375E-02    -4.88457E+00
    1842     3.08633E+02     9.06479E+00     6.23689E-02    -4.84895E+00
    1843     3.07459E+02     9.10542E+00     6.23003E-02    -4.81735E+00
    1844     3.06288E+02     9.14624E+00     6.22315E-02    -4.78975E+00
    1845     3.05119E+02     9.18718E+00     6.21627E-02    -4.76613E+00
    1846     3.03954E+02     9.22834E+00     6.20938E-02    -4.74650E+00
    1847     3.02793E+02     9.26965E+00     6.20248E-02    -4.73084E+00
    1848     3.01635E+02     9.31104E+00     6.19557E-02    -4.71911E+00
    1849     3.00482E+02     9.35252E+00     6.18866E-02    -4.71131E+00
    1850     2.99333E+02     9.39404E+00     6.18174E-02    -4.70742E+00
    1851     2.98189E+02     9.43560E+00     6.17481E-02    -4.70743E+00
    1852     2.97049E+02     9.47714E+00     6.16788E-02    -4.71131E+00
    1853     2.95914E+02     9.51874E+00     6.16095E-02    -4.71905E+00
    1854     2.94785E+02     9.56020E+00     6.15401E-02    -4.73059E+00
    1855     2.93661E+02     9.60166E+00     6.14707E-02    -4.74590E+00
    1856     2.92544E+02     9.64300E+00     6.14012E-02    -4.76495E+00
    1857     2.91431E+02     9.68430E+00     6.13317E-02    -4.78770E+00
    1858     2.90326E+02     9.72541E+00     6.12622E-02    -4.81411E+00
    1859     2.89227E+02     9.76635E+00     6.11927E-02    -4.84416E+00
    1860     2.88135E+02     9.80714E+00     6.11232E-02    -4.87779E+00
    1861     2.87049E+02     9.84777E+00     6.10537E-02    -4.91497E+00
    1862     2.85971E+02     9.88812E+00     6.09841E-02    -4.95566E+00
    1863     2.84901E+02     9.92827E+00     6.09146E-02    -4.99981E+00
    1864     2.83839E+02     9.96822E+00     6.08451E-02    -5.04739E+00
    1865     2.82784E+02     1.00078E+01     6.07756E-02    -5.09836E+00
    1866     2.81736E+02     1.00471E+01     6.07061E-02    -5.15267E+00
    1867     2.80697E+02     1.00860E+01     6.06367E-02    -5.21028E+00
    1868     2.79667E+02     1.01247E+01     6.05673E-02    -5.27113E+00
    1869     2.78645E+02     1.01629E+01     6.04979E-02    -5.33517E+00
    1870     2.77632E+02     1.02008E+01     6.04285E-02    -5.40236E+00
    1871     2.76628E+02     1.02383E+01     6.03593E-02    -5.47263E+00
    1872     2.75632E+02     1.02753E+01     6.02900E-02    -5.54595E+00
    1873     2.74646E+02     1.03120E+01     6.02208E-02    -5.62225E+00
    1874     2.73669E+02     1.03481E+01     6.01517E-02    -5.70149E+00
    1875     2.72703E+02     1.03837E+01     6.00827E-02    -5.78360E+00
    1876     2.71745E+02     1.04189E+01     6.00137E-02    -5.86852E+00
    1877     2.70798E+02     1.04535E+01     5.99448E-02    -5.95620E+00
    1878     2.69861E+02     1.04877E+01     5.98760E-02    -6.04659E+00
    1879     2.68934E+02     1.05212E+01     5.98073E-02    -6.13961E+00
    1880     2.68017E+02     1.05542E+01     5.97387E-02    -6.23522E+00
    1881     2.67111E+02     1.05866E+01     5.96702E-02    -6.33336E+00
    1882     2.66216E+02     1.06184E+01     5.96018E-02    -6.43396E+00
    1883     2.65331E+02     1.06496E+01     5.95335E-02    -6.53696E+00
    1884     2.64456E+02     1.06802E+01     5.94653E-02    -6.64232E+00
    1885     2.63592E+02     1.07100E+01     5.93972E-02    -6.74997E+00
    1886     2.62740E+02     1.07392E+01     5.93293E-02    -6.85985E+00
    1887     2.61898E+02     1.07677E+01     5.92614E-02    -6.97191E+00
    1888     2.61068E+02     1.07955E+01     5.91938E-02    -7.08607E+00
    1889     2.60248E+02     1.08226E+01     5.91262E-02    -7.20225E+00
    1890     2.59440E+02     1.08490E+01     5.90588E-02    -7.32040E+00
    1891     2.58644E+02     1.08746E+01     5.89915E-02    -7.44045E+00
    1892     2.57859E+02     1.08994E+01     5.89244E-02    -7.56230E+00
    1893     2.57086E+02     1.09235E+01     5.88575E-02    -7.68591E+00
    1894     2.56323E+02     1.09468E+01     5.87907E-02    -7.81121E+00
    1895     2.55573E+02     1.09694E+01     5.87241E-02    -7.93811E+00
    1896     2.54835E+02     1.09912E+01     5.86576E-02    -8.06655E+00
    1897     2.54109E+02     1.10121E+01     5.85913E-02    -8.19648E+00
    1898     2.53394E+02     1.10322E+01     5.85252E-02    -8.32784E+00
    1899     2.52691E+02     1.10515E+01     5.84592E-02    -8.46055E+00
    1900     2.52001E+02     1.10699E+01     5.83934E-02    -8.59454E+00
    1901     2.51322E+02     1.10874E+01     5.83278E-02    -8.72976E+00
    1902     2.50655E+02     1.11040E+01     5.82624E-02    -8.86613E+00
    1903     2.50000E+02     1.11198E+01     5.81972E-02    -9.00356E+00
    1904     2.49357E+02     1.11347E+01     5.81322E-02    -9.14209E+00
    1905     2.48726E+02     1.11487E+01     5.80674E-02    -9.28148E+00
    1906     2.48107E+02     1.11618E+01     5.80027E-02    -9.42176E+00
    1907     2.47500E+02     1.11740E+01     5.79383E-02    -9.56291E+00
    1908     2.46905E+02     1.11852E+01     5.78741E-02    -9.70471E+00
    1909     2.46323E+02     1.11956E+01     5.78100E-02    -9.84722E+00
    1910     2.45752E+02     1.12050E+01     5.77462E-02    -9.99038E+00
    1911     2.45193E+02     1.12134E+01     5.76826E-02    -1.01340E+01
    1912     2.44646E+02     1.12210E+01     5.76192E-02    -1.02781E+01
    1913     2.44111E+02     1.12276E+01     5.75560E-02    -1.04226E+01
    1914     2.43587E+02     1.12332E+01     5.74930E-02    -1.05674E+01
    1915     2.43076E+02     1.12379E+01     5.74302E-02    -1.07125E+01
    1916     2.42576E+02     1.12415E+01     5.73677E-02    -1.08578E+01
    1917     2.42088E+02     1.12443E+01     5.73053E-02    -1.10031E+01
    1918     2.41612E+02     1.12461E+01     5.72432E-02    -1.11486E+01
    1919     2.41148E+02     1.12470E+01     5.71813E-02    -1.12939E+01
    1920     2.40695E+02     1.12468E+01     5.71197E-02    -1.14393E+01
    1921     2.40254E+02     1.12457E+01     5.70582E-02    -1.15844E+01
    1922     2.39825E+02     1.12437E+01     5.69970E-02    -1.17294E+01
    1923     2.39406E+02     1.12407E+01     5.69360E-02    -1.18740E+01
    1924     2.39000E+02     1.12368E+01     5.68752E-02    -1.20183E+01
    1925     2.38605E+02     1.12319E+01     5.68147E-02    -1.21621E+01
    1926     2.38220E+02     1.12261E+01     5.67543E-02    -1.23055E+01
    1927     2.37847E+02     1.12193E+01     5.66942E-02    -1.24483E+01
    1928     2.37485E+02     1.12116E+01     5.66344E-02    -1.25905E+01
    1929     2.37134E+02     1.12028E+01     5.65748E-02    -1.27321E+01
    1930     2.36795E+02     1.11932E+01     5.65154E-02    -1.28728E+01
    1931     2.36465E+02     1.11826E+01     5.64562E-02    -1.30128E+01
    1932     2.36146E+02     1.11711E+01     5.63972E-02    -1.31519E+01
    1933     2.35838E+02     1.11587E+01     5.63385E-02    -1.32901E+01
    1934     2.35540E+02     1.11452E+01     5.62801E-02    -1.34272E+01
    1935     2.35253E+02     1.11309E+01     5.62218E-02    -1.35634E+01
    1936     2.34976E+02     1.11156E+01     5.61638E-02    -1.36984E+01
    1937     2.34708E+02     1.10995E+01     5.61061E-02    -1.38322E+01
    1938     2.34451E+02     1.10823E+01     5.60485E-02    -1.39649E+01
    1939     2.34204E+02     1.10644E+01     5.59912E-02    -1.40962E+01
    1940     2.33966E+02     1.10455E+01     5.59342E-02    -1.42262E+01
    1941     2.33737E+02     1.10257E+01     5.58773E-02    -1.43549E+01
    1942     2.33518E+02     1.10050E+01     5.58208E-02    -1.44820E+01
    1943     2.33309E+02     1.09834E+01     5.57644E-02    -1.46078E+01
    1944     2.33108E+02     1.09610E+01     5.57083E-02    -1.47319E+01
    1945     2.32916E+02     1.09377E+01     5.56524E-02    -1.48544E+01
    1946     2.32733E+02     1.09135E+01     5.55967E-02    -1.49752E+01
    1947     2.32559E+02     1.08885E+01     5.55413E-02    -1.50944E+01
    1948     2.32393E+02     1.08625E+01     5.54861E-02    -1.52118E+01
    1949     2.32235E+02     1.08358E+01     5.54312E-02    -1.53273E+01
    1950     2.32085E+02     1.08081E+01     5.53765E-02    -1.54410E+01
